,id_prod,price,categ
0,0_1421,19.99,0
1,0_1368,5.13,0
2,0_731,17.99,0
3,1_587,4.99,1
4,0_1507,3.99,0
5,0_1163,9.99,0
6,1_463,36.99,1
7,0_2157,34.99,0
8,0_1915,16.99,0
9,0_389,18.99,0
10,2_228,225.17,2
11,1_178,51.92,1
12,1_143,9.99,1
13,1_314,9.0,1
14,0_1938,1.58,0
15,0_1232,26.65,0
16,0_2254,9.2,0
17,0_1713,13.99,0
18,0_835,6.99,0
19,0_1389,20.99,0
20,0_853,9.99,0
21,0_2131,8.99,0
22,1_259,10.99,1
23,0_1070,4.38,0
24,1_504,13.79,1
25,1_370,13.11,1
26,1_716,7.85,1
27,0_1505,14.99,0
28,0_2293,4.99,0
29,0_431,32.99,0
30,0_435,3.99,0
31,0_2120,26.97,0
32,1_532,11.32,1
33,0_1795,17.99,0
34,0_668,2.51,0
35,0_1166,18.45,0
36,1_638,30.92,1
37,1_549,33.99,1
38,2_100,72.11,2
39,0_97,11.99,0
40,0_2061,9.99,0
41,0_1619,4.99,0
42,1_707,6.99,1
43,1_457,22.99,1
44,0_1317,4.99,0
45,1_251,15.99,1
46,0_1321,15.99,0
47,0_1629,40.99,0
48,1_124,44.71,1
49,1_48,47.22,1
50,0_2288,2.06,0
51,0_498,2.64,0
52,0_796,21.15,0
53,0_1949,3.99,0
54,0_1849,12.99,0
55,0_686,1.32,0
56,0_794,22.44,0
57,0_445,3.99,0
58,1_255,32.99,1
59,1_665,32.99,1
60,0_1240,22.7,0
61,0_1530,3.24,0
62,0_570,7.16,0
63,0_2188,14.65,0
64,2_89,107.99,2
65,0_1939,17.99,0
66,0_1889,4.99,0
67,1_339,22.99,1
68,0_1142,3.42,0
69,0_2299,3.99,0
70,0_1080,2.43,0
71,0_1912,1.89,0
72,0_1247,15.99,0
73,2_225,157.99,2
74,0_1192,12.52,0
75,0_2035,17.99,0
76,0_548,37.53,0
77,0_1392,6.3,0
78,1_174,44.09,1
79,2_187,157.99,2
80,1_65,32.99,1
81,0_1446,8.09,0
82,2_46,41.31,2
83,0_2017,28.99,0
84,0_1509,4.99,0
85,0_1941,13.99,0
86,1_333,15.99,1
87,0_1984,5.7,0
88,0_1549,25.99,0
89,1_165,17.99,1
90,0_2289,17.99,0
91,1_723,10.99,1
92,0_2305,3.99,0
93,0_283,1.99,0
94,0_56,27.6,0
95,2_128,201.74,2
96,0_872,20.63,0
97,0_1635,16.99,0
98,0_356,12.14,0
99,1_107,10.99,1
100,0_298,2.74,0
101,0_2031,22.99,0
102,2_215,49.99,2
103,0_6,12.13,0
104,2_151,156.99,2
105,0_602,13.89,0
106,2_176,134.57,2
107,2_103,157.99,2
108,0_1265,32.99,0
109,0_26,6.86,0
110,0_845,17.99,0
111,0_1960,2.16,0
112,1_666,9.89,1
113,1_691,45.99,1
114,0_1595,2.99,0
115,0_14,9.41,0
116,0_687,17.99,0
117,2_172,158.17,2
118,1_482,8.98,1
119,0_568,29.76,0
120,0_381,15.99,0
121,0_39,8.99,0
122,0_1176,7.65,0
123,1_57,11.99,1
124,0_1380,7.45,0
125,0_1827,8.99,0
126,0_471,4.99,0
127,1_456,28.27,1
128,0_1069,7.99,0
129,0_2104,7.98,0
130,0_1671,3.99,0
131,0_1144,18.87,0
132,0_1370,11.3,0
133,0_1649,27.99,0
134,0_1056,2.46,0
135,1_244,3.64,1
136,0_1895,3.99,0
137,2_131,127.99,2
138,0_1480,4.15,0
139,0_932,7.1,0
140,0_1013,4.99,0
141,0_1236,19.79,0
142,0_749,3.99,0
143,0_2064,9.85,0
144,0_1423,2.99,0
145,0_1203,0.99,0
146,0_1833,5.99,0
147,0_556,2.06,0
148,0_831,4.99,0
149,1_50,20.93,1
150,1_231,33.99,1
151,0_790,10.34,0
152,0_2198,12.14,0
153,0_376,8.75,0
154,1_317,38.99,1
155,0_1923,3.99,0
156,1_183,24.99,1
157,1_264,16.07,1
158,0_2052,8.87,0
159,0_61,7.99,0
160,0_1332,33.12,0
161,0_253,17.99,0
162,0_2189,2.99,0
163,0_352,12.53,0
164,0_1102,4.63,0
165,0_166,1.83,0
166,1_77,20.99,1
167,1_284,60.39,1
168,0_2237,2.99,0
169,0_23,10.99,0
170,1_649,18.99,1
171,1_98,22.59,1
172,1_205,8.99,1
173,2_214,79.04,2
174,0_1824,10.34,0
175,0_1431,10.99,0
176,0_2291,12.99,0
177,1_447,42.99,1
178,1_279,27.99,1
179,0_1177,4.99,0
180,0_2181,27.99,0
181,0_808,27.85,0
182,1_728,4.06,1
183,0_1775,6.99,0
184,0_1016,35.06,0
185,0_501,12.99,0
186,0_2268,17.57,0
187,2_10,60.37,2
188,0_2083,6.99,0
189,0_2056,5.13,0
190,0_992,8.58,0
191,0_1504,1.68,0
192,0_1969,19.99,0
193,1_582,27.61,1
194,1_221,10.99,1
195,1_477,6.99,1
196,0_823,26.99,0
197,0_2306,23.32,0
198,0_1899,21.99,0
199,2_71,88.99,2
200,0_2151,16.99,0
201,0_1093,2.99,0
202,0_152,10.83,0
203,0_2164,4.29,0
204,1_496,70.51,1
205,1_385,25.99,1
206,1_56,13.98,1
207,0_86,10.32,0
208,0_1545,18.99,0
209,0_2276,18.95,0
210,0_512,15.74,0
211,0_1596,10.36,0
212,0_1227,4.99,0
213,0_112,17.71,0
214,2_78,167.49,2
215,1_520,13.35,1
216,1_698,18.3,1
217,1_564,62.99,1
218,0_793,9.99,0
219,0_1197,6.99,0
220,0_1772,18.48,0
221,1_374,10.71,1
222,0_1075,10.99,0
223,0_161,8.99,0
224,0_1832,7.41,0
225,0_1934,6.35,0
226,0_1694,7.65,0
227,1_678,5.78,1
228,0_715,17.99,0
229,0_1136,3.02,0
230,0_2117,6.99,0
231,1_318,17.24,1
232,1_708,23.06,1
233,0_105,7.99,0
234,0_1028,4.51,0
235,1_432,24.2,1
236,0_1546,12.86,0
237,0_1979,20.99,0
238,0_436,30.09,0
239,0_398,4.72,0
240,0_513,11.99,0
241,2_231,111.99,2
242,0_193,3.99,0
243,0_262,11.64,0
244,0_1639,6.99,0
245,2_145,103.99,2
246,2_165,71.99,2
247,1_49,28.99,1
248,1_667,29.99,1
249,0_1323,10.99,0
250,0_1808,7.75,0
251,0_306,15.55,0
252,2_1,56.99,2
253,0_2199,12.99,0
254,0_1744,11.92,0
255,0_1559,9.99,0
256,0_104,9.06,0
257,0_461,16.99,0
258,1_656,6.62,1
259,0_506,15.81,0
260,0_1315,10.99,0
261,0_1183,17.99,0
262,1_733,31.99,1
263,0_147,2.99,0
264,0_896,7.42,0
265,0_1100,3.03,0
266,1_362,11.25,1
267,0_1003,14.99,0
268,1_154,33.39,1
269,0_2256,7.2,0
270,0_2024,15.56,0
271,1_478,38.63,1
272,2_139,82.99,2
273,0_2197,2.99,0
274,1_470,5.41,1
275,0_64,4.22,0
276,0_1631,10.99,0
277,0_1148,26.77,0
278,0_131,11.99,0
279,0_1780,1.67,0
280,0_1387,10.99,0
281,0_2233,19.99,0
282,0_897,9.99,0
283,0_85,2.99,0
284,0_1804,16.95,0
285,0_2190,8.22,0
286,0_906,16.97,0
287,1_129,18.99,1
288,0_2283,8.99,0
289,2_226,65.75,2
290,1_686,24.03,1
291,0_2060,5.48,0
292,0_2267,18.99,0
293,0_1529,3.99,0
294,0_1393,11.99,0
295,1_704,31.63,1
296,0_1110,4.71,0
297,2_144,157.42,2
298,0_1209,8.99,0
299,0_1486,4.89,0
300,0_1361,3.99,0
301,1_697,4.99,1
302,1_503,26.99,1
303,0_1089,3.99,0
304,0_207,11.99,0
305,1_250,20.76,1
306,1_138,44.67,1
307,2_146,115.3,2
308,1_605,30.99,1
309,0_1444,2.08,0
310,0_272,5.6,0
311,0_475,8.99,0
312,0_1721,28.99,0
313,0_302,12.57,0
314,0_547,8.99,0
315,1_273,47.99,1
316,0_2071,21.99,0
317,0_1052,3.79,0
318,1_196,33.32,1
319,0_1333,5.99,0
320,1_1,42.99,1
321,0_87,17.99,0
322,0_1388,17.15,0
323,1_693,50.99,1
324,0_222,19.65,0
325,1_476,45.37,1
326,1_277,25.99,1
327,0_2258,5.8,0
328,0_784,3.6,0
329,1_199,22.99,1
330,0_1401,10.99,0
331,0_2249,2.99,0
332,0_847,8.99,0
333,0_1088,1.09,0
334,0_1081,11.99,0
335,1_89,32.99,1
336,1_84,14.04,1
337,0_1231,25.99,0
338,0_1009,14.99,0
339,0_2069,17.99,0
340,2_164,52.26,2
341,0_1456,27.42,0
342,1_491,4.99,1
343,0_1019,24.99,0
344,0_1724,2.82,0
345,1_116,12.88,1
346,0_2150,9.8,0
347,1_114,35.61,1
348,0_1783,25.99,0
349,1_495,21.99,1
350,0_134,8.22,0
351,0_1199,14.99,0
352,0_1733,1.99,0
353,1_607,26.99,1
354,1_446,23.92,1
355,0_1864,22.76,0
356,1_24,39.08,1
357,0_726,10.21,0
358,0_1107,2.99,0
359,2_230,57.04,2
360,2_34,72.42,2
361,1_257,22.99,1
362,0_2302,24.19,0
363,0_1363,16.99,0
364,0_852,10.81,0
365,0_433,2.99,0
366,0_1298,18.32,0
367,0_2272,7.98,0
368,0_1031,6.99,0
369,1_397,18.99,1
370,0_120,0.66,0
371,1_218,10.72,1
372,0_1022,23.57,0
373,0_1797,15.99,0
374,1_442,24.98,1
375,0_527,2.99,0
376,0_33,18.99,0
377,0_412,21.33,0
378,0_1590,18.93,0
379,0_1397,14.99,0
380,0_2148,7.32,0
381,2_127,68.99,2
382,0_1972,12.89,0
383,1_307,6.99,1
384,0_907,34.99,0
385,0_1523,20.99,0
386,0_1319,14.99,0
387,1_586,61.23,1
388,0_2246,6.3,0
389,0_2292,9.87,0
390,2_45,32.99,2
391,0_1239,37.99,0
392,0_2219,14.99,0
393,0_1608,12.24,0
394,2_158,247.22,2
395,1_571,31.99,1
396,0_372,10.59,0
397,0_1618,3.95,0
398,0_2228,13.06,0
399,0_769,24.99,0
400,0_1290,11.57,0
401,0_1862,12.13,0
402,0_258,7.67,0
403,0_2172,3.88,0
404,0_464,7.62,0
405,0_358,4.29,0
406,0_2162,3.03,0
407,0_520,14.52,0
408,0_278,22.61,0
409,0_1173,18.99,0
410,0_2300,17.99,0
411,1_326,59.11,1
412,0_1053,10.99,0
413,0_1731,14.99,0
414,0_2281,14.99,0
415,0_1932,3.27,0
416,1_410,46.87,1
417,1_219,8.99,1
418,0_1622,8.35,0
419,0_1082,15.41,0
420,2_137,83.99,2
421,0_939,18.99,0
422,2_201,86.99,2
423,0_1576,2.29,0
424,0_102,11.18,0
425,0_1593,6.99,0
426,0_1647,11.99,0
427,0_1207,16.99,0
428,1_694,19.87,1
429,0_778,2.39,0
430,0_1792,8.79,0
431,0_2204,1.62,0
432,2_0,162.03,2
433,0_1267,3.99,0
434,0_718,15.83,0
435,0_1971,16.99,0
436,1_172,26.77,1
437,0_2282,13.71,0
438,1_523,23.99,1
439,0_245,11.99,0
440,0_829,2.99,0
441,0_1111,19.99,0
442,0_1212,6.31,0
443,0_440,13.0,0
444,0_2285,16.99,0
445,1_421,30.99,1
446,0_2186,4.2,0
447,0_742,10.79,0
448,1_433,18.99,1
449,1_40,30.25,1
450,0_813,9.99,0
451,0_519,6.99,0
452,0_1124,19.41,0
453,2_192,127.39,2
454,0_911,4.99,0
455,0_2270,16.58,0
456,1_499,60.99,1
457,0_2,16.4,0
458,0_806,3.33,0
459,0_1582,24.42,0
460,0_321,13.99,0
461,0_617,17.99,0
462,0_1794,31.83,0
463,0_103,10.99,0
464,1_229,42.99,1
465,2_112,67.57,2
466,0_1798,17.34,0
467,0_1340,14.76,0
468,1_203,48.99,1
469,0_700,18.64,0
470,0_1012,32.4,0
471,0_2163,4.99,0
472,0_1668,14.62,0
473,1_8,21.57,1
474,0_118,1.98,0
475,0_2239,5.99,0
476,0_2222,3.33,0
477,0_929,15.99,0
478,1_241,21.99,1
479,0_797,4.99,0
480,0_1807,14.99,0
481,1_139,6.99,1
482,1_94,27.11,1
483,0_985,5.99,0
484,0_495,2.99,0
485,0_249,15.99,0
486,1_85,22.99,1
487,0_946,18.01,0
488,0_1777,18.99,0
489,2_54,89.43,2
490,0_1815,8.99,0
491,1_610,32.98,1
492,2_209,69.99,2
493,0_400,9.46,0
494,1_485,37.99,1
495,1_69,23.99,1
496,0_1564,11.12,0
497,0_586,4.95,0
498,1_270,31.14,1
499,1_519,51.99,1
500,0_1571,5.99,0
501,0_388,15.62,0
502,0_571,17.99,0
503,2_212,104.78,2
504,1_286,29.44,1
505,0_1374,21.0,0
506,0_774,6.66,0
507,0_876,17.35,0
508,1_461,12.99,1
509,2_126,116.98,2
510,0_1046,10.06,0
511,0_1217,24.99,0
512,0_822,35.3,0
513,0_2137,15.99,0
514,0_1883,6.99,0
515,0_1845,6.99,0
516,0_422,5.76,0
517,0_1658,5.01,0
518,0_1573,6.99,0
519,0_1172,10.71,0
520,1_41,11.99,1
521,0_1484,25.23,0
522,2_83,130.99,2
523,1_729,31.99,1
524,0_963,8.99,0
525,0_1878,2.27,0
526,1_548,13.59,1
527,0_1670,23.59,0
528,0_1407,13.99,0
529,0_1982,8.99,0
530,0_1470,19.53,0
531,1_342,49.04,1
532,1_300,6.74,1
533,1_371,33.99,1
534,0_408,10.42,0
535,0_1443,5.99,0
536,1_438,5.24,1
537,0_559,3.99,0
538,0_1202,4.83,0
539,0_2108,8.82,0
540,0_1422,11.41,0
541,0_1238,14.66,0
542,1_226,37.73,1
543,0_901,15.99,0
544,1_73,19.99,1
545,0_1468,6.08,0
546,0_1434,8.58,0
547,1_308,11.65,1
548,0_998,9.41,0
549,1_646,8.38,1
550,0_888,6.48,0
551,0_1691,14.99,0
552,0_1138,2.33,0
553,0_887,13.99,0
554,0_2196,12.34,0
555,0_967,8.99,0
556,0_67,22.99,0
557,0_229,17.99,0
558,1_266,7.98,1
559,1_285,14.99,1
560,1_93,22.99,1
561,0_1600,13.23,0
562,2_121,170.99,2
563,1_609,7.99,1
564,0_648,7.41,0
565,0_1256,11.03,0
566,0_1348,12.03,0
567,1_717,9.99,1
568,0_868,15.96,0
569,0_197,37.99,0
570,2_120,42.19,2
571,0_1174,3.52,0
572,0_343,10.99,0
573,1_136,31.72,1
574,0_877,5.99,0
575,1_502,4.9,1
576,0_1656,23.26,0
577,1_265,24.99,1
578,0_1540,18.23,0
579,0_2118,7.23,0
580,0_1872,9.42,0
581,1_448,13.79,1
582,0_986,16.22,0
583,1_23,23.99,1
584,1_629,33.99,1
585,0_482,2.93,0
586,0_1954,8.15,0
587,0_2260,1.84,0
588,0_421,16.99,0
589,0_657,6.99,0
590,0_1398,4.52,0
591,0_1161,31.99,0
592,0_1802,28.97,0
593,0_1662,4.35,0
594,1_471,31.99,1
595,2_37,48.99,2
596,1_235,37.99,1
597,0_414,12.65,0
598,0_787,7.99,0
599,1_481,44.99,1
600,2_202,67.57,2
601,0_248,7.91,0
602,0_113,16.99,0
603,1_419,39.99,1
604,0_1988,9.86,0
605,0_444,10.17,0
606,0_748,27.27,0
607,0_2097,1.99,0
608,1_724,16.94,1
609,0_36,12.57,0
610,0_811,3.99,0
611,1_536,11.21,1
612,1_351,28.99,1
613,0_1637,4.99,0
614,2_27,73.99,2
615,0_502,3.13,0
616,0_2158,11.25,0
617,0_127,7.99,0
618,1_454,32.12,1
619,0_1978,23.81,0
620,1_681,6.99,1
621,0_936,1.69,0
622,2_133,109.99,2
623,0_289,36.99,0
624,1_635,26.99,1
625,1_671,31.99,1
626,0_1508,8.03,0
627,0_1412,11.73,0
628,0_2059,12.99,0
629,0_979,14.99,0
630,0_775,18.99,0
631,0_1687,18.99,0
632,0_1310,2.21,0
633,1_711,39.99,1
634,1_654,38.91,1
635,0_1293,11.99,0
636,0_1182,19.88,0
637,0_511,20.99,0
638,1_380,8.93,1
639,1_487,40.99,1
640,0_1672,18.25,0
641,1_396,18.6,1
642,0_1623,7.99,0
643,0_2263,32.99,0
644,2_183,77.99,2
645,0_1871,1.99,0
646,1_283,14.99,1
647,1_537,14.99,1
648,0_11,13.99,0
649,1_719,41.99,1
650,1_34,27.77,1
651,0_1194,20.92,0
652,1_343,27.99,1
653,0_1611,11.99,0
654,0_1123,12.99,0
655,0_1684,17.81,0
656,1_179,15.99,1
657,1_115,32.99,1
658,0_18,25.49,0
659,0_2124,10.29,0
660,0_2077,3.99,0
661,0_136,13.49,0
662,0_991,19.99,0
663,0_100,20.6,0
664,0_760,15.63,0
665,0_1178,10.13,0
666,0_629,11.99,0
667,0_1010,1.96,0
668,0_849,15.99,0
669,1_303,13.99,1
670,0_2026,5.56,0
671,0_2224,17.19,0
672,0_850,14.77,0
673,0_1004,8.07,0
674,0_1902,2.28,0
675,1_594,4.58,1
676,0_1461,11.99,0
677,0_1943,13.99,0
678,0_1739,22.99,0
679,1_190,14.53,1
680,0_1307,18.99,0
681,1_690,9.98,1
682,0_544,17.84,0
683,0_1636,9.45,0
684,0_1149,5.99,0
685,0_271,10.99,0
686,0_2138,0.93,0
687,0_90,12.04,0
688,0_2074,8.88,0
689,0_816,6.91,0
690,0_1068,22.13,0
691,0_2128,3.64,0
692,0_916,12.65,0
693,0_639,4.99,0
694,1_324,31.97,1
695,1_61,18.99,1
696,0_145,28.99,0
697,1_152,11.06,1
698,0_1338,9.28,0
699,0_1400,5.15,0
700,0_486,6.38,0
701,0_1251,21.99,0
702,0_1659,9.99,0
703,2_31,131.99,2
704,0_2277,10.99,0
705,0_98,13.17,0
706,2_94,145.45,2
707,0_803,16.99,0
708,0_844,12.59,0
709,2_69,130.99,2
710,0_44,3.96,0
711,0_1916,4.05,0
712,0_2030,13.4,0
713,0_2019,7.99,0
714,0_1360,4.33,0
715,0_1836,6.56,0
716,1_593,20.99,1
717,1_360,34.35,1
718,1_660,22.23,1
719,2_223,175.99,2
720,0_569,11.99,0
721,0_2098,14.37,0
722,0_28,27.76,0
723,0_148,3.17,0
724,2_76,254.44,2
725,0_1933,15.99,0
726,0_1320,12.08,0
727,0_1145,6.99,0
728,0_1689,2.99,0
729,0_826,6.89,0
730,0_219,13.99,0
732,0_407,15.99,0
733,0_727,12.99,0
734,0_1365,2.99,0
735,0_875,21.99,0
736,0_396,7.67,0
737,0_1062,20.08,0
738,0_451,7.99,0
739,0_1140,3.73,0
740,0_1462,31.67,0
741,1_403,17.99,1
742,0_899,19.99,0
743,1_315,66.99,1
744,1_99,21.99,1
745,1_122,35.93,1
746,1_321,9.99,1
747,0_1594,3.33,0
748,0_110,29.04,0
749,2_188,73.72,2
750,0_1334,17.74,0
751,0_1641,14.99,0
752,0_955,7.99,0
753,0_1548,9.66,0
754,2_118,96.56,2
755,0_2143,24.99,0
756,0_126,9.19,0
757,0_953,26.99,0
758,0_1516,11.43,0
759,1_619,12.99,1
760,0_675,19.99,0
761,1_450,31.64,1
762,1_213,19.99,1
763,1_128,48.63,1
764,1_480,19.08,1
765,0_1626,14.02,0
766,1_309,7.99,1
767,2_81,86.99,2
768,0_691,5.99,0
769,0_1603,8.99,0
770,2_107,33.99,2
771,0_308,18.25,0
772,0_196,11.52,0
773,0_713,1.99,0
774,0_1834,15.14,0
775,0_1252,4.31,0
776,0_260,1.73,0
777,0_2043,13.99,0
778,0_2247,2.99,0
779,0_1269,2.99,0
780,1_82,31.81,1
781,0_1083,16.99,0
782,0_2014,21.23,0
783,1_281,23.99,1
784,1_97,23.99,1
785,0_1652,10.7,0
786,2_40,228.11,2
787,0_9,31.99,0
788,0_1526,6.62,0
789,0_2066,14.7,0
790,0_1768,8.92,0
791,0_680,7.43,0
792,2_147,181.99,2
793,0_1987,6.99,0
794,0_1119,2.99,0
795,0_1155,2.99,0
796,0_1230,12.83,0
797,1_468,17.75,1
798,0_873,2.99,0
799,0_587,1.99,0
800,0_463,21.99,0
801,0_2166,0.97,0
802,0_333,3.99,0
803,0_1,10.99,0
804,0_2226,21.89,0
805,0_65,8.99,0
806,0_1615,1.99,0
807,0_529,5.99,0
808,1_10,78.83,1
809,0_1578,17.79,0
810,0_2304,15.86,0
811,0_1014,1.15,0
812,0_1274,7.86,0
813,0_236,4.65,0
814,0_779,12.99,0
815,0_263,4.99,0
816,0_220,3.72,0
817,1_553,52.99,1
818,0_2103,8.99,0
819,1_644,25.79,1
820,0_155,5.99,0
821,0_783,3.99,0
822,0_766,2.16,0
823,0_1344,19.04,0
824,1_13,80.99,1
825,0_630,11.32,0
826,0_1646,14.85,0
827,0_754,5.1,0
828,2_8,73.18,2
829,0_324,1.18,0
830,1_604,36.42,1
831,0_1528,11.38,0
832,0_1005,20.99,0
833,1_616,29.02,1
834,0_135,12.99,0
835,1_35,45.99,1
836,0_2235,13.99,0
837,1_201,23.99,1
838,0_1342,19.49,0
839,0_1126,11.78,0
840,0_38,3.68,0
841,0_46,5.58,0
842,0_1050,12.51,0
843,0_859,16.99,0
844,0_1436,1.32,0
845,1_706,24.66,1
846,1_0,31.82,1
847,0_17,6.99,0
848,0_180,0.97,0
849,1_379,26.99,1
850,0_2184,10.36,0
851,0_1712,7.24,0
852,1_168,57.45,1
853,2_136,103.92,2
854,0_2141,11.99,0
855,0_900,11.89,0
856,0_836,3.76,0
857,0_1522,5.16,0
858,0_264,6.44,0
859,0_1583,15.99,0
860,0_181,5.99,0
861,1_577,32.99,1
862,1_280,15.59,1
863,0_1394,15.63,0
864,0_1489,10.99,0
865,0_1837,10.99,0
866,0_2234,10.67,0
867,0_1959,3.99,0
868,0_721,5.99,0
869,0_19,4.99,0
870,0_2080,12.76,0
871,0_446,13.49,0
872,0_968,3.06,0
873,1_591,39.99,1
874,1_282,23.2,1
875,0_95,9.99,0
876,2_182,106.52,2
877,1_302,34.97,1
878,0_1975,7.99,0
879,1_679,79.99,1
880,0_82,9.98,0
881,0_710,3.72,0
882,1_670,29.55,1
883,0_1430,16.47,0
884,0_92,9.63,0
885,1_400,16.6,1
886,0_926,8.1,0
887,0_585,9.99,0
888,0_1205,10.99,0
889,0_1685,9.99,0
890,0_496,11.02,0
891,0_1106,14.27,0
892,0_2092,14.17,0
893,2_47,36.99,2
894,0_589,13.99,0
895,0_1094,16.98,0
896,0_2047,5.99,0
897,0_820,1.32,0
898,0_2050,3.4,0
899,0_1367,11.99,0
900,0_256,27.81,0
901,2_9,54.99,2
902,0_1190,6.63,0
903,0_204,2.36,0
904,0_2297,28.99,0
905,2_16,84.29,2
906,0_1897,20.99,0
907,0_1168,11.91,0
908,0_684,8.17,0
909,0_1204,3.44,0
910,0_1193,9.99,0
911,0_1112,7.27,0
912,0_1059,18.99,0
913,1_674,40.06,1
914,0_1458,6.55,0
915,0_695,25.99,0
916,1_585,19.99,1
917,0_1947,12.99,0
918,2_53,93.99,2
919,0_1474,9.88,0
920,0_924,4.01,0
921,2_82,75.81,2
922,0_1000,6.84,0
923,0_2152,16.69,0
924,0_466,3.61,0
925,2_233,172.99,2
926,1_556,24.47,1
927,1_19,18.99,1
928,0_551,12.99,0
929,0_1114,2.08,0
930,0_1538,8.61,0
931,0_205,4.99,0
932,1_366,28.54,1
933,2_106,110.08,2
934,2_92,78.05,2
935,0_1730,5.03,0
936,0_1880,14.91,0
937,0_2079,9.99,0
938,1_7,48.99,1
939,0_2096,14.84,0
940,0_1057,19.99,0
941,0_1840,1.28,0
942,0_815,10.99,0
943,0_1187,6.99,0
944,0_1567,16.99,0
945,1_731,11.99,1
946,0_2169,0.99,0
947,2_2,300.0,2
948,1_6,26.68,1
949,0_550,13.9,0
950,0_218,15.27,0
951,0_881,18.99,0
952,1_71,34.99,1
953,1_239,13.99,1
954,1_664,47.83,1
955,0_798,6.82,0
956,2_185,43.99,2
957,1_696,37.2,1
958,0_2231,13.99,0
959,1_181,7.99,1
960,0_123,14.99,0
961,1_511,2.99,1
962,1_558,24.51,1
963,0_383,16.99,0
964,0_59,14.99,0
965,0_490,12.45,0
966,2_95,98.99,2
967,0_905,5.99,0
968,0_1693,8.99,0
969,0_162,9.82,0
970,2_5,191.99,2
971,0_593,8.99,0
972,1_409,55.99,1
973,0_1259,11.99,0
974,0_1131,17.99,0
975,0_176,12.6,0
976,2_79,55.99,2
977,0_1613,8.99,0
978,0_641,3.99,0
979,0_1881,7.99,0
980,1_68,30.95,1
981,1_247,20.99,1
982,0_533,3.99,0
983,1_4,24.21,1
984,0_1980,3.15,0
985,0_2275,0.99,0
986,0_1328,8.52,0
987,0_1550,1.21,0
988,0_1322,4.33,0
989,0_1109,29.99,0
990,0_1566,9.04,0
991,0_1329,0.99,0
992,0_2123,9.99,0
993,1_338,61.38,1
994,0_890,2.81,0
995,1_418,37.85,1
996,1_9,7.99,1
997,0_88,8.3,0
998,2_32,55.79,2
999,0_267,6.99,0
1000,0_930,12.91,0
1001,0_0,3.75,0
1002,0_1642,14.78,0
1003,0_578,11.16,0
1004,0_614,10.71,0
1005,1_87,58.99,1
1006,0_785,3.99,0
1007,0_1162,17.56,0
1008,2_195,116.99,2
1009,2_219,86.99,2
1010,0_1437,3.99,0
1011,2_150,157.63,2
1012,0_2160,22.2,0
1013,1_287,29.99,1
1014,0_2119,9.99,0
1015,0_842,3.07,0
1016,0_2217,24.99,0
1017,0_772,16.87,0
1018,0_363,5.99,0
1019,0_2206,6.14,0
1020,1_372,30.12,1
1021,0_1789,4.99,0
1022,1_356,33.26,1
1023,0_958,15.31,0
1024,0_1351,8.99,0
1025,0_450,11.8,0
1026,0_1886,20.56,0
1027,0_214,11.72,0
1028,0_621,1.99,0
1029,0_1376,16.24,0
1030,0_664,5.13,0
1031,0_1318,20.92,0
1032,1_159,52.99,1
1033,0_552,21.3,0
1034,0_27,21.99,0
1035,0_130,6.9,0
1036,2_36,110.98,2
1037,1_624,36.82,1
1038,1_44,14.49,1
1039,0_1195,6.99,0
1040,0_200,18.28,0
1041,1_425,16.99,1
1042,0_1196,6.51,0
1043,1_712,25.48,1
1044,1_354,68.49,1
1045,0_2038,4.39,0
1046,0_950,11.34,0
1047,0_1665,15.99,0
1048,0_1605,6.99,0
1049,0_284,14.9,0
1050,0_1692,13.36,0
1051,1_524,22.02,1
1052,0_1667,7.99,0
1053,0_1853,11.99,0
1054,0_1054,8.11,0
1055,0_1336,21.09,0
1056,1_662,6.04,1
1057,1_249,22.99,1
1058,0_931,19.99,0
1059,1_153,22.99,1
1060,1_718,21.39,1
1061,0_348,10.73,0
1062,0_57,14.99,0
1063,0_1108,17.45,0
1064,0_1137,7.99,0
1065,0_1727,10.99,0
1066,0_1703,21.99,0
1067,0_1822,14.92,0
1068,0_832,10.85,0
1069,0_137,31.99,0
1070,0_190,8.01,0
1071,0_1007,4.99,0
1072,0_1455,8.99,0
1073,2_148,64.85,2
1074,0_2091,2.99,0
1075,1_653,25.99,1
1076,2_197,80.99,2
1077,0_1419,8.99,0
1078,1_513,35.99,1
1079,0_944,13.38,0
1080,0_470,9.61,0
1081,2_61,39.99,2
1082,0_81,5.99,0
1083,0_1170,4.19,0
1084,0_833,2.99,0
1085,1_108,45.03,1
1086,0_1841,17.99,0
1087,0_1763,27.99,0
1088,0_1281,12.99,0
1089,0_507,18.99,0
1090,0_2307,6.99,0
1091,0_1805,1.99,0
1092,0_1903,5.99,0
1093,0_2106,13.94,0
1094,2_218,89.54,2
1095,1_516,24.24,1
1096,0_867,7.99,0
1097,1_555,32.99,1
1098,0_2155,21.99,0
1099,0_1118,3.64,0
1100,2_12,57.91,2
1101,2_20,83.51,2
1102,1_622,17.41,1
1103,0_174,5.25,0
1104,0_960,10.89,0
1105,0_1735,26.99,0
1106,0_177,19.99,0
1107,0_626,5.4,0
1108,0_350,6.5,0
1109,0_2229,4.99,0
1110,1_515,17.99,1
1111,1_551,14.99,1
1112,0_564,4.15,0
1113,0_1373,18.99,0
1114,0_1055,7.99,0
1115,0_2185,9.99,0
1116,0_139,2.99,0
1117,2_173,155.99,2
1118,0_1609,18.99,0
1119,0_2028,13.37,0
1120,0_1330,10.44,0
1121,1_91,20.99,1
1122,0_1719,5.99,0
1123,0_703,3.99,0
1124,0_397,13.99,0
1125,0_327,14.99,0
1126,0_312,11.39,0
1127,0_194,10.56,0
1128,0_1210,16.44,0
1129,0_2057,8.99,0
1130,1_252,39.33,1
1131,0_1710,4.53,0
1132,0_2068,18.57,0
1133,0_1325,9.99,0
1134,0_1051,2.99,0
1135,0_521,23.99,0
1136,0_2039,6.99,0
1137,0_1812,7.51,0
1138,1_189,13.99,1
1139,0_1800,22.05,0
1140,0_1999,12.99,0
1141,0_791,14.99,0
1142,0_1206,4.33,0
1143,0_291,16.99,0
1144,0_711,4.99,0
1145,1_137,12.99,1
1146,0_1948,4.38,0
1147,1_148,8.08,1
1148,0_293,30.99,0
1149,1_47,30.99,1
1150,0_1366,16.65,0
1151,0_763,16.99,0
1152,0_154,10.6,0
1153,0_851,6.99,0
1154,0_2180,16.28,0
1155,0_927,6.99,0
1156,1_102,3.29,1
1157,1_299,13.99,1
1158,0_1764,1.99,0
1159,0_959,9.99,0
1160,0_1701,5.99,0
1161,0_889,23.99,0
1162,0_1473,15.99,0
1163,1_592,23.68,1
1164,2_155,46.99,2
1165,0_1015,10.99,0
1166,0_980,31.06,0
1167,0_1885,6.99,0
1168,1_142,17.76,1
1169,0_1589,28.99,0
1170,0_1141,20.99,0
1171,0_1223,5.99,0
1172,0_2290,8.8,0
1173,1_224,4.95,1
1174,0_1433,27.99,0
1175,0_1485,18.99,0
1176,0_287,9.99,0
1177,1_507,25.99,1
1178,0_425,23.99,0
1179,0_1894,8.77,0
1180,0_994,20.71,0
1181,0_2094,29.02,0
1182,0_1379,2.99,0
1183,1_147,28.99,1
1184,0_1262,21.71,0
1185,0_211,12.99,0
1186,0_976,11.8,0
1187,0_1911,12.99,0
1188,0_84,25.07,0
1189,0_644,3.61,0
1190,0_2004,10.38,0
1191,1_62,22.79,1
1192,0_268,6.83,0
1193,0_377,6.99,0
1194,0_1738,7.69,0
1195,0_1842,20.26,0
1196,0_1816,7.33,0
1197,0_524,5.83,0
1198,1_21,22.99,1
1199,0_247,27.99,0
1200,0_292,31.3,0
1201,1_263,40.99,1
1202,0_2127,12.99,0
1203,0_269,4.99,0
1204,1_506,13.65,1
1205,0_861,11.99,0
1206,0_1039,11.99,0
1207,1_541,13.99,1
1208,0_2115,4.99,0
1209,0_1006,26.64,0
1210,0_1127,5.99,0
1211,0_1844,0.77,0
1212,2_236,118.51,2
1213,0_2182,16.09,0
1214,0_173,2.99,0
1215,0_1851,13.99,0
1216,0_1951,5.99,0
1217,0_1765,20.99,0
1218,1_74,35.02,1
1219,0_1858,1.83,0
1220,0_1472,12.49,0
1221,0_1544,37.91,0
1222,1_391,49.99,1
1223,0_77,21.99,0
1224,0_1580,13.26,0
1225,0_1188,14.94,0
1226,1_546,55.89,1
1227,0_2216,4.56,0
1228,0_2159,22.99,0
1229,0_505,25.99,0
1230,1_538,27.03,1
1231,0_1411,8.99,0
1232,0_1219,3.99,0
1233,1_573,9.99,1
1234,0_192,8.61,0
1235,0_891,21.99,0
1236,0_1679,6.99,0
1237,0_1273,8.99,0
1238,0_1958,11.1,0
1239,1_92,11.03,1
1240,0_596,6.18,0
1241,0_1228,3.55,0
1242,1_685,15.99,1
1243,2_149,80.99,2
1244,0_2259,7.99,0
1245,1_648,32.98,1
1246,0_1565,7.99,0
1247,0_762,6.57,0
1248,0_741,1.99,0
1249,0_1496,2.42,0
1250,0_771,4.99,0
1251,0_409,6.99,0
1252,0_1120,21.84,0
1253,1_632,60.87,1
1254,0_462,11.13,0
1255,0_1214,21.91,0
1256,0_50,22.08,0
1257,0_172,8.33,0
1258,0_2238,19.23,0
1259,1_675,8.99,1
1260,0_1778,28.46,0
1261,0_895,16.99,0
1262,0_250,7.08,0
1263,0_153,3.99,0
1264,0_1465,3.99,0
1265,0_1287,11.99,0
1266,1_493,10.99,1
1267,0_1403,15.99,0
1268,2_232,104.06,2
1269,0_1900,25.32,0
1270,0_1384,14.44,0
1271,0_638,7.72,0
1272,2_7,69.99,2
1273,0_224,12.51,0
1274,0_453,29.99,0
1275,0_1702,13.13,0
1276,0_1457,11.99,0
1277,0_800,6.99,0
1278,1_473,2.99,1
1279,0_208,14.36,0
1280,0_2223,4.99,0
1281,0_201,3.99,0
1282,0_191,8.99,0
1283,0_1998,24.2,0
1284,2_211,203.99,2
1285,0_1741,17.99,0
1286,0_1563,3.99,0
1287,0_1506,10.0,0
1288,1_3,12.99,1
1289,1_52,14.04,1
1290,0_1936,28.82,0
1291,0_1303,7.99,0
1292,0_575,3.99,0
1293,0_2054,10.58,0
1294,0_920,37.46,0
1295,0_2105,5.99,0
1296,0_1129,24.99,0
1297,0_973,10.99,0
1298,1_237,18.99,1
1299,1_186,10.64,1
1300,0_951,9.99,0
1301,0_1494,7.6,0
1302,0_1940,18.31,0
1303,0_2242,31.79,0
1304,0_1655,2.99,0
1305,0_1532,17.14,0
1306,0_94,27.76,0
1307,0_195,15.99,0
1308,1_100,15.13,1
1309,2_48,73.62,2
1310,0_111,19.99,0
1311,0_1729,14.99,0
1312,1_642,37.13,1
1313,0_909,18.99,0
1314,0_380,2.98,0
1315,2_159,145.99,2
1316,0_770,9.48,0
1317,1_361,5.99,1
1318,0_2048,11.84,0
1319,1_557,36.99,1
1320,0_2037,14.99,0
1321,1_545,31.99,1
1322,1_230,4.05,1
1323,2_157,142.99,2
1324,0_698,1.44,0
1325,0_1160,17.87,0
1326,1_407,15.99,1
1327,1_130,11.14,1
1328,0_304,17.72,0
1329,0_489,19.99,0
1330,0_608,3.78,0
1331,0_1270,6.62,0
1332,0_1803,2.99,0
1333,0_156,12.14,0
1334,0_677,24.99,0
1335,0_1021,8.99,0
1336,0_840,17.07,0
1337,1_127,39.99,1
1338,0_516,10.1,0
1339,0_563,17.99,0
1340,1_133,21.99,1
1341,0_1060,12.53,0
1342,0_390,22.11,0
1343,0_751,6.99,0
1344,1_625,22.99,1
1345,0_1311,18.99,0
1346,1_275,41.99,1
1347,0_1645,2.99,0
1348,2_15,123.99,2
1349,0_1828,6.95,0
1350,1_721,21.99,1
1351,2_178,176.2,2
1352,0_694,11.35,0
1353,0_1640,10.71,0
1354,1_335,43.99,1
1355,1_398,10.17,1
1356,0_1255,10.99,0
1357,0_1261,8.99,0
1358,0_1074,2.44,0
1359,0_1628,9.99,0
1360,0_494,39.58,0
1361,1_393,35.99,1
1362,0_745,13.99,0
1363,0_1084,22.92,0
1364,0_830,11.89,0
1365,1_579,23.99,1
1366,1_715,62.99,1
1367,0_2250,20.77,0
1368,0_514,29.15,0
1369,0_707,4.99,0
1370,0_583,10.99,0
1371,2_190,175.67,2
1372,0_1151,2.99,0
1373,0_1542,18.09,0
1374,0_1078,6.92,0
1375,0_947,5.99,0
1376,1_216,35.03,1
1377,0_369,10.99,0
1378,1_479,62.99,1
1379,1_460,7.53,1
1380,1_347,21.99,1
1381,0_341,3.99,0
1382,0_1945,6.99,0
1383,0_2215,3.99,0
1384,0_459,4.99,0
1385,1_663,17.99,1
1386,0_880,13.28,0
1387,0_1515,6.99,0
1388,0_170,9.92,0
1389,0_746,23.86,0
1390,2_64,163.94,2
1391,1_613,4.99,1
1392,0_1698,14.24,0
1393,0_439,5.99,0
1394,0_878,12.69,0
1395,0_1809,13.99,0
1396,0_2227,4.99,0
1397,1_323,32.99,1
1398,0_2262,21.13,0
1399,0_419,20.99,0
1400,0_1525,6.99,0
1401,0_1159,7.99,0
1402,2_168,104.76,2
1403,0_1164,31.23,0
1404,0_2205,15.99,0
1405,1_337,24.99,1
1406,0_1688,7.26,0
1407,0_1079,5.99,0
1408,0_106,9.4,0
1409,0_2046,32.34,0
1410,0_1905,7.99,0
1411,2_109,53.99,2
1412,0_1385,11.99,0
1413,0_2008,15.97,0
1414,0_801,11.99,0
1415,0_603,14.99,0
1416,1_146,31.98,1
1417,1_117,41.99,1
1418,0_231,14.99,0
1419,0_1976,13.4,0
1420,1_384,46.95,1
1421,1_601,21.99,1
1422,1_328,29.24,1
1423,0_3,28.99,0
1424,0_62,4.44,0
1425,0_1788,8.34,0
1426,0_765,10.99,0
1427,0_2278,26.01,0
1428,0_500,5.14,0
1429,0_1216,19.75,0
1430,0_405,19.99,0
1431,0_688,17.65,0
1432,0_1627,3.99,0
1433,1_11,39.99,1
1434,1_341,42.99,1
1435,0_1378,13.96,0
1436,2_167,236.99,2
1437,2_124,100.56,2
1438,0_374,1.82,0
1439,0_1186,12.3,0
1440,0_1890,5.17,0
1441,1_455,33.99,1
1442,0_93,16.99,0
1443,0_954,6.51,0
1444,0_2156,4.63,0
1445,0_1242,7.97,0
1446,0_1751,25.99,0
1447,1_187,26.99,1
1448,0_2194,6.57,0
1449,0_739,11.99,0
1450,0_970,8.32,0
1451,0_96,9.45,0
1452,0_1728,2.27,0
1453,1_489,6.99,1
1454,0_1409,4.99,0
1455,0_1907,9.99,0
1456,0_1257,10.99,0
1457,0_1985,5.99,0
1458,0_705,16.99,0
1459,0_1518,4.18,0
1460,0_1891,5.99,0
1461,0_340,6.43,0
1462,0_55,6.99,0
1463,0_1090,13.78,0
1464,2_60,111.72,2
1465,0_674,13.95,0
1466,0_353,12.99,0
1467,0_1044,6.59,0
1468,0_2154,8.15,0
1469,0_1417,17.99,0
1470,0_169,18.99,0
1471,0_945,22.99,0
1472,1_166,15.81,1
1473,1_2,7.77,1
1474,0_1717,13.99,0
1475,0_609,3.99,0
1476,0_764,5.59,0
1477,0_1158,10.18,0
1478,0_627,2.99,0
1479,0_1179,5.99,0
1480,2_206,71.21,2
1481,1_500,34.93,1
1482,0_942,2.02,0
1483,0_1115,6.99,0
1484,1_426,19.44,1
1485,0_261,7.99,0
1486,0_804,19.19,0
1487,1_310,14.2,1
1488,1_113,50.99,1
1489,0_1071,22.99,0
1490,0_2067,1.99,0
1491,0_1266,4.28,0
1492,0_1211,2.99,0
1493,0_2221,4.99,0
1494,0_530,13.23,0
1495,1_53,28.99,1
1496,0_1048,4.42,0
1497,1_661,22.99,1
1498,0_984,4.41,0
1499,1_595,31.99,1
1500,0_1402,3.0,0
1501,0_360,11.75,0
1502,0_371,11.99,0
1503,0_1221,2.99,0
1504,2_175,60.99,2
1505,0_322,2.99,0
1506,1_173,15.99,1
1507,1_254,47.69,1
1508,0_1234,7.29,0
1509,2_179,49.99,2
1510,0_290,18.93,0
1511,0_239,8.99,0
1512,1_709,45.99,1
1513,0_329,4.99,0
1514,0_1067,12.99,0
1515,0_1557,6.99,0
1516,1_340,42.25,1
1517,0_1341,9.99,0
1518,1_598,14.05,1
1519,0_138,19.95,0
1520,0_1904,15.51,0
1521,0_613,15.99,0
1522,0_1011,13.99,0
1523,0_2126,17.36,0
1524,1_288,22.09,1
1525,0_1169,9.99,0
1526,0_223,5.99,0
1527,0_1180,14.25,0
1528,1_220,23.37,1
1529,0_1756,14.67,0
1530,0_1620,0.8,0
1531,0_1086,1.41,0
1532,1_120,64.59,1
1533,1_292,8.04,1
1534,0_1017,8.99,0
1535,1_90,24.19,1
1536,2_205,100.99,2
1537,0_735,21.99,0
1538,2_85,128.99,2
1539,0_305,8.99,0
1540,0_515,11.99,0
1541,0_740,15.66,0
1542,0_2130,18.24,0
1543,0_1025,24.99,0
1544,0_317,16.99,0
1545,1_618,29.36,1
1546,0_316,13.77,0
1547,2_160,62.83,2
1548,0_810,3.8,0
1549,0_606,4.86,0
1550,1_406,24.81,1
1551,1_246,18.75,1
1552,0_2013,9.99,0
1553,0_1661,5.99,0
1554,1_76,36.32,1
1555,0_49,23.99,0
1556,0_1746,9.02,0
1557,0_1304,5.86,0
1558,0_144,17.56,0
1559,0_2236,16.17,0
1560,0_2011,16.99,0
1561,0_975,7.99,0
1562,1_258,31.0,1
1563,1_623,49.99,1
1564,0_1058,3.69,0
1565,0_243,14.99,0
1566,0_2053,14.99,0
1567,2_113,56.99,2
1568,0_336,3.23,0
1569,0_2101,20.99,0
1570,2_189,142.99,2
1571,0_1543,13.99,0
1572,1_261,44.99,1
1573,0_537,16.99,0
1574,0_1073,13.99,0
1575,0_1491,5.99,0
1576,1_440,7.32,1
1577,0_1416,9.56,0
1578,0_1448,18.94,0
1579,0_776,19.72,0
1580,0_561,6.99,0
1581,0_935,3.99,0
1582,0_588,9.28,0
1583,1_118,30.51,1
1584,0_362,22.77,0
1585,0_242,32.52,0
1586,0_628,19.03,0
1587,1_329,4.99,1
1588,0_78,12.87,0
1589,1_458,51.55,1
1590,0_2212,6.75,0
1591,0_452,19.72,0
1592,0_2168,11.17,0
1593,0_1244,2.49,0
1594,1_735,22.99,1
1595,0_125,3.99,0
1596,0_1272,17.01,0
1597,0_2006,13.11,0
1598,1_150,22.42,1
1599,1_510,26.93,1
1600,0_581,8.99,0
1601,0_318,6.01,0
1602,0_1680,18.0,0
1603,1_559,24.99,1
1604,1_194,52.03,1
1605,0_1358,16.49,0
1606,0_1990,22.11,0
1607,0_1488,4.6,0
1608,1_25,15.99,1
1609,0_1117,24.99,0
1610,0_841,19.99,0
1611,0_1157,18.99,0
1612,1_72,9.84,1
1613,1_260,17.63,1
1614,1_346,39.88,1
1615,0_2210,15.1,0
1616,1_212,39.86,1
1617,0_209,6.99,0
1618,0_2218,3.27,0
1619,0_743,16.99,0
1620,0_584,19.82,0
1621,0_882,24.75,0
1622,0_465,14.99,0
1623,0_701,8.99,0
1624,0_2153,21.99,0
1625,1_547,15.99,1
1626,2_237,40.99,2
1627,0_368,5.75,0
1628,0_370,11.37,0
1629,0_1104,13.21,0
1630,1_636,52.72,1
1631,1_125,30.99,1
1632,0_423,1.99,0
1633,0_349,2.99,0
1634,0_326,16.21,0
1635,0_2082,24.33,0
1636,0_456,8.19,0
1637,0_1105,8.99,0
1638,0_1669,6.99,0
1639,1_652,27.52,1
1640,0_2173,9.99,0
1641,0_1469,14.99,0
1642,0_378,8.79,0
1643,0_1848,23.11,0
1644,0_149,17.99,0
1645,0_579,6.99,0
1646,0_1700,18.49,0
1647,1_17,39.99,1
1648,0_590,24.35,0
1649,0_1371,21.99,0
1650,0_168,9.28,0
1651,0_987,23.99,0
1652,0_656,7.54,0
1653,0_1440,5.62,0
1654,0_1316,7.2,0
1655,0_1213,21.99,0
1656,0_1924,12.36,0
1657,1_688,18.19,1
1658,0_189,12.99,0
1659,0_2045,10.99,0
1660,0_122,5.76,0
1661,0_526,19.26,0
1662,0_2122,17.76,0
1663,0_1568,4.0,0
1664,0_1521,17.99,0
1665,0_1757,1.99,0
1666,0_517,7.99,0
1667,0_2146,11.14,0
1668,0_1696,8.46,0
1669,0_637,4.99,0
1670,2_75,96.99,2
1671,0_1415,34.99,0
1672,0_988,31.34,0
1673,0_1181,11.99,0
1674,0_1292,9.8,0
1675,2_213,189.99,2
1676,0_1873,10.99,0
1677,0_2058,5.52,0
1678,0_252,20.54,0
1679,0_41,2.99,0
1680,0_2036,20.49,0
1681,0_345,3.99,0
1682,0_600,14.09,0
1683,0_21,4.99,0
1684,0_2252,23.92,0
1685,0_342,15.51,0
1686,0_1854,3.15,0
1687,0_1327,2.99,0
1688,0_1695,2.99,0
1689,2_140,42.48,2
1690,0_636,17.29,0
1691,0_2076,11.39,0
1692,1_344,5.07,1
1693,1_363,16.99,1
1694,0_1925,25.99,0
1695,1_184,67.65,1
1696,2_180,85.28,2
1697,0_373,6.99,0
1698,0_1098,31.25,0
1699,0_781,10.99,0
1700,0_632,20.77,0
1701,0_1101,1.99,0
1702,1_39,12.99,1
1703,0_1887,5.99,0
1704,0_1399,17.99,0
1705,0_722,20.31,0
1706,0_296,8.35,0
1707,0_2171,4.99,0
1708,0_733,9.99,0
1709,2_87,220.99,2
1710,0_969,11.99,0
1711,0_508,8.5,0
1712,0_132,15.97,0
1713,0_481,4.99,0
1714,0_757,9.99,0
1715,2_171,79.99,2
1716,0_678,4.29,0
1717,2_152,34.23,2
1718,0_300,6.19,0
1719,0_1065,15.99,0
1720,0_1913,3.99,0
1721,2_56,116.67,2
1722,0_965,19.99,0
1723,0_539,14.99,0
1724,0_799,11.99,0
1725,0_2244,8.37,0
1726,0_604,33.54,0
1727,2_191,67.99,2
1728,1_434,15.87,1
1729,2_84,182.3,2
1730,0_1910,10.85,0
1731,0_1345,17.99,0
1732,1_109,22.99,1
1733,0_2284,5.69,0
1734,1_617,14.99,1
1735,1_677,16.99,1
1736,1_639,10.99,1
1737,0_337,22.99,0
1738,0_2086,3.61,0
1739,0_562,3.64,0
1740,0_997,9.99,0
1741,0_807,1.99,0
1742,1_700,7.01,1
1743,0_669,6.99,0
1744,0_1475,11.99,0
1745,1_726,10.79,1
1746,0_1955,10.99,0
1747,1_395,28.99,1
1748,2_52,119.07,2
1749,1_634,21.18,1
1750,0_2110,7.04,0
1751,1_565,19.99,1
1752,0_355,3.99,0
1753,0_978,19.11,0
1754,0_1077,1.99,0
1755,0_1280,11.96,0
1756,1_185,33.99,1
1757,0_1722,3.78,0
1758,1_401,32.99,1
1759,0_328,20.06,0
1760,0_1638,5.46,0
1761,1_267,27.99,1
1762,0_858,21.29,0
1763,0_2134,5.57,0
1764,0_1020,9.71,0
1765,0_2139,4.99,0
1766,0_151,13.99,0
1767,2_134,85.27,2
1768,1_640,11.9,1
1769,0_1852,7.67,0
1770,1_289,32.99,1
1771,2_108,63.36,2
1772,0_1356,5.57,0
1773,1_521,22.99,1
1774,0_1271,1.99,0
1775,1_293,22.99,1
1776,1_243,42.99,1
1777,1_508,21.92,1
1778,0_866,8.51,0
1779,2_35,139.99,2
1780,1_684,11.2,1
1781,0_54,18.57,0
1782,0_2295,1.99,0
1783,0_335,14.99,0
1784,0_1771,0.99,0
1785,1_453,13.99,1
1786,1_334,39.35,1
1787,1_611,16.99,1
1788,0_2271,13.99,0
1789,0_1343,21.99,0
1790,0_1906,28.57,0
1791,0_1264,15.97,0
1792,1_86,34.77,1
1793,1_416,64.62,1
1794,1_399,3.99,1
1795,0_714,4.14,0
1796,0_595,6.99,0
1797,2_216,72.01,2
1798,1_18,6.43,1
1799,1_325,27.99,1
1800,1_643,29.99,1
1801,0_1002,8.31,0
1802,1_134,13.0,1
1803,1_542,19.47,1
1804,1_705,37.99,1
1805,0_999,9.99,0
1806,0_1796,4.51,0
1807,0_594,4.95,0
1808,0_1533,27.99,0
1809,0_663,20.99,0
1810,0_1953,8.99,0
1811,0_1660,4.68,0
1812,0_898,1.27,0
1813,0_410,25.23,0
1814,2_229,80.99,2
1815,0_883,14.99,0
1816,0_974,11.75,0
1817,0_1875,4.99,0
1818,0_2274,5.91,0
1819,0_274,11.87,0
1820,1_614,10.73,1
1821,0_1617,11.99,0
1822,0_834,15.77,0
1823,0_2003,6.99,0
1824,0_2170,24.04,0
1825,0_1091,9.99,0
1826,0_1030,13.73,0
1827,1_311,16.99,1
1828,0_996,11.64,0
1829,1_31,37.99,1
1830,0_1726,1.57,0
1831,0_1043,10.99,0
1832,0_972,15.7,0
1833,0_1382,15.62,0
1834,0_361,14.99,0
1835,0_487,4.99,0
1836,1_227,61.99,1
1837,0_1353,19.99,0
1838,0_2073,2.99,0
1839,0_952,10.47,0
1840,0_736,6.03,0
1841,0_1962,6.08,0
1842,0_1859,4.99,0
1843,2_62,60.96,2
1844,0_1888,9.78,0
1845,1_245,23.99,1
1846,0_213,14.99,0
1847,0_523,4.99,0
1848,0_1510,2.18,0
1849,1_445,23.99,1
1850,1_683,13.99,1
1851,0_1189,17.99,0
1852,0_1132,11.33,0
1853,1_430,4.93,1
1854,2_174,83.63,2
1855,0_491,16.99,0
1856,0_115,6.99,0
1857,0_752,14.74,0
1858,1_164,21.64,1
1859,0_121,16.99,0
1860,0_1001,4.99,0
1861,0_1813,25.99,0
1862,0_235,9.99,0
1863,1_394,39.73,1
1864,0_42,22.68,0
1865,1_207,9.99,1
1866,0_689,14.99,0
1867,0_682,11.59,0
1868,0_566,4.27,0
1869,0_1085,3.99,0
1870,0_1918,29.04,0
1871,0_1839,10.99,0
1872,1_441,24.99,1
1873,0_1040,6.25,0
1874,1_295,3.99,1
1875,0_2107,5.99,0
1876,0_395,9.99,0
1877,0_697,9.99,0
1878,0_693,7.99,0
1879,0_1027,4.99,0
1880,1_702,15.2,1
1881,0_393,13.99,0
1882,0_1286,24.2,0
1883,1_568,19.35,1
1884,0_1514,11.01,0
1885,0_1313,13.99,0
1886,0_124,20.17,0
1887,0_1977,5.99,0
1888,2_203,136.99,2
1889,0_990,4.61,0
1890,2_234,81.19,2
1891,0_777,12.99,0
1892,1_474,49.47,1
1893,0_1354,7.02,0
1894,1_202,19.96,1
1895,0_1917,1.99,0
1896,2_4,222.97,2
1897,0_1483,4.99,0
1898,0_1493,14.99,0
1899,0_708,20.81,0
1900,0_635,18.99,0
1901,0_1175,8.99,0
1902,1_627,35.99,1
1903,0_1740,21.75,0
1904,0_2265,2.99,0
1905,2_222,103.58,2
1906,0_1574,9.67,0
1907,0_188,6.6,0
1908,1_313,27.99,1
1909,0_1560,12.12,0
1910,0_1643,16.99,0
1911,0_1539,0.99,0
1912,0_1974,4.74,0
1913,0_1427,28.99,0
1914,2_224,87.4,2
1915,0_1277,7.99,0
1916,1_64,19.81,1
1917,1_612,29.55,1
1918,1_192,21.61,1
1919,0_2133,3.99,0
1920,1_575,6.99,1
1921,1_96,7.58,1
1922,0_359,6.99,0
1923,0_427,20.99,0
1924,0_1451,19.99,0
1925,2_91,96.99,2
1926,0_1810,5.96,0
1927,0_2021,12.99,0
1928,1_630,10.75,1
1929,1_560,18.18,1
1930,2_193,114.99,2
1931,0_1435,13.99,0
1932,0_2084,10.8,0
1933,0_1200,13.9,0
1934,0_863,7.99,0
1935,1_197,5.99,1
1936,0_956,10.34,0
1937,0_493,7.99,0
1938,0_1908,15.21,0
1939,0_1405,4.99,0
1940,2_74,120.22,2
1941,0_187,1.99,0
1942,0_1154,12.82,0
1943,0_2202,8.12,0
1944,1_304,26.64,1
1945,1_722,33.3,1
1946,2_72,141.32,2
1947,0_652,4.03,0
1948,0_1497,30.99,0
1949,1_689,35.99,1
1950,0_351,4.99,0
1951,0_1632,9.21,0
1952,1_217,61.99,1
1953,2_19,69.99,2
1954,0_2230,15.02,0
1955,1_483,15.99,1
1956,0_1278,8.96,0
1957,0_676,3.86,0
1958,0_1762,16.82,0
1959,0_1747,3.99,0
1960,2_125,231.99,2
1961,1_290,32.79,1
1962,0_683,11.99,0
1963,0_2078,14.6,0
1964,0_1706,3.19,0
1965,0_1536,6.59,0
1966,0_1811,4.99,0
1967,0_2087,26.99,0
1968,0_386,19.42,0
1969,0_917,10.99,0
1970,0_163,7.99,0
1971,0_141,2.99,0
1972,0_531,7.99,0
1973,0_91,0.99,0
1974,0_869,9.99,0
1975,0_1857,12.99,0
1976,0_854,2.21,0
1977,0_2044,5.28,0
1978,0_1128,2.96,0
1979,0_1806,1.61,0
1980,0_1869,19.99,0
1981,0_2208,10.95,0
1982,0_432,26.46,0
1983,0_546,3.43,0
1984,0_914,12.02,0
1985,0_724,21.78,0
1986,0_1467,4.99,0
1987,1_170,14.22,1
1988,0_1076,25.11,0
1989,0_2211,9.99,0
1990,0_1870,9.06,0
1991,0_1882,15.95,0
1992,1_256,26.05,1
1993,0_277,29.99,0
1994,0_620,25.31,0
1995,0_492,9.9,0
1996,1_350,20.83,1
1997,0_1225,12.99,0
1998,0_1113,16.99,0
1999,2_25,101.99,2
2000,0_366,9.02,0
2001,0_1339,8.99,0
2002,0_1184,4.1,0
2003,1_615,23.99,1
2004,2_154,96.74,2
2005,0_79,24.99,0
2006,0_1793,3.99,0
2007,0_728,30.58,0
2008,0_418,7.69,0
2009,1_737,6.99,1
2010,1_420,7.12,1
2011,0_276,1.81,0
2012,1_79,32.99,1
2013,0_1996,19.48,0
2014,1_408,35.24,1
2015,0_403,3.99,0
2016,0_280,4.09,0
2017,1_378,26.61,1
2018,0_1759,0.99,0
2019,0_1786,19.2,0
2020,0_2225,2.99,0
2021,0_651,19.99,0
2022,0_1562,14.73,0
2023,0_938,11.79,0
2024,0_29,13.99,0
2025,0_212,13.82,0
2026,0_387,16.99,0
2027,0_885,8.99,0
2028,0_1555,15.99,0
2029,0_504,3.43,0
2030,0_430,4.01,0
2031,1_46,37.1,1
2032,1_126,18.6,1
2033,0_1299,6.99,0
2034,0_1306,16.22,0
2035,0_129,21.99,0
2036,0_457,5.99,0
2037,0_1664,25.72,0
2038,0_1993,21.99,0
2039,0_1720,8.65,0
2040,1_490,57.92,1
2041,1_411,32.99,1
2042,0_285,13.99,0
2043,1_390,8.58,1
2044,0_2149,2.99,0
2045,0_1024,30.11,0
2046,0_2287,2.99,0
2047,1_60,26.46,1
2048,0_1064,4.57,0
2049,0_2280,20.42,0
2050,0_198,19.08,0
2051,1_422,30.76,1
2052,0_1966,8.06,0
2053,0_912,18.31,0
2054,0_989,18.99,0
2055,0_30,16.24,0
2056,0_406,10.57,0
2057,0_1774,11.54,0
2058,1_368,49.42,1
2059,1_492,45.78,1
2060,0_1602,20.19,0
2061,0_904,11.98,0
2062,0_825,11.99,0
2063,0_221,13.99,0
2064,0_344,16.04,0
2065,0_780,2.5,0
2066,0_1537,5.99,0
2067,0_210,1.87,0
2068,0_2161,10.99,0
2069,0_918,3.41,0
2070,1_451,20.99,1
2071,0_1678,13.83,0
2072,0_16,3.22,0
2073,0_411,25.99,0
2074,0_1531,6.99,0
2075,0_821,12.99,0
2076,0_716,26.69,0
2077,0_2016,2.26,0
2078,2_38,93.48,2
2079,0_2251,14.99,0
2080,0_1229,6.99,0
2081,0_1616,13.5,0
2082,0_993,10.99,0
2083,1_144,45.09,1
2084,1_464,15.01,1
2085,0_1121,19.99,0
2086,1_603,34.99,1
2087,0_476,21.64,0
2088,0_1258,17.94,0
2089,0_855,7.99,0
2090,0_485,12.99,0
2091,0_347,17.99,0
2092,0_573,34.99,0
2093,1_540,6.59,1
2094,1_222,23.17,1
2095,0_1921,7.99,0
2096,0_1047,6.99,0
2097,0_1243,15.99,0
2098,1_188,12.54,1
2099,0_817,15.99,0
2100,0_838,18.02,0
2101,1_225,18.99,1
2102,0_642,10.32,0
2103,0_943,7.99,0
2104,0_488,4.39,0
2105,0_420,15.01,0
2106,2_119,164.99,2
2107,0_331,19.99,0
2108,0_234,25.43,0
2109,0_66,7.11,0
2110,2_21,105.99,2
2111,0_413,5.99,0
2112,0_1950,2.5,0
2113,0_1551,12.99,0
2114,2_14,136.07,2
2115,0_1896,10.45,0
2116,0_117,7.99,0
2117,0_143,34.99,0
2118,0_934,5.02,0
2119,0_555,18.99,0
2120,1_562,40.5,1
2121,1_253,14.99,1
2122,0_619,7.99,0
2123,0_1512,5.29,0
2124,0_2140,12.47,0
2125,1_600,33.08,1
2126,0_1676,10.96,0
2127,0_2179,7.99,0
2128,2_199,136.99,2
2129,0_215,5.99,0
2130,0_1406,2.5,0
2131,0_167,25.99,0
2132,0_294,13.83,0
2133,0_1309,18.99,0
2134,1_228,51.71,1
2135,1_161,23.99,1
2136,0_2062,16.01,0
2137,0_1707,16.99,0
2138,0_948,6.25,0
2139,1_353,26.99,1
2140,0_633,16.99,0
2141,0_301,8.99,0
2142,0_1377,14.99,0
2143,0_2032,23.32,0
2144,0_1743,5.99,0
2145,0_884,2.15,0
2146,2_93,78.99,2
2147,0_76,8.59,0
2148,1_415,59.99,1
2149,0_1705,22.99,0
2150,0_599,10.99,0
2151,0_983,12.99,0
2152,0_618,3.08,0
2153,0_1250,5.17,0
2154,0_1821,13.99,0
2155,2_73,111.99,2
2156,2_43,69.99,2
2157,0_1766,4.55,0
2158,0_1503,15.99,0
2159,0_13,7.99,0
2160,0_2020,10.01,0
2161,1_132,14.41,1
2162,1_316,19.74,1
2163,0_2175,18.99,0
2164,2_90,182.3,2
2165,0_499,13.99,0
2166,1_81,33.99,1
2167,0_828,11.36,0
2168,0_1965,4.99,0
2169,0_226,1.49,0
2170,0_1347,5.99,0
2171,1_234,18.58,1
2172,1_512,35.06,1
2173,0_690,4.9,0
2174,1_469,5.99,1
2175,0_1648,2.77,0
2176,0_467,13.99,0
2177,0_542,18.18,0
2178,0_1725,14.99,0
2179,0_178,28.36,0
2180,0_497,3.99,0
2181,0_399,16.99,0
2182,0_244,6.71,0
2183,0_314,16.67,0
2184,0_1681,13.99,0
2185,2_26,42.51,2
2186,0_870,3.73,0
2187,0_1785,8.99,0
2188,0_1876,12.85,0
2189,1_633,3.99,1
2190,0_653,3.99,0
2191,0_545,6.99,0
2192,0_1866,4.84,0
2193,2_13,50.99,2
2194,0_1134,11.72,0
2195,0_1372,1.78,0
2196,0_2298,19.47,0
2197,0_330,4.36,0
2198,0_1135,26.99,0
2199,0_206,5.43,0
2200,1_417,20.99,1
2201,0_2029,3.99,0
2202,1_294,31.24,1
2203,0_1799,9.99,0
2204,1_725,8.99,1
2205,1_365,13.99,1
2206,0_128,18.61,0
2207,2_153,139.99,2
2208,0_1246,7.01,0
2209,1_312,24.56,1
2210,0_679,4.99,0
2211,0_1782,11.13,0
2212,0_1787,4.99,0
2213,0_384,6.78,0
2214,0_2201,20.99,0
2215,0_310,1.94,0
2216,0_702,4.41,0
2217,0_2213,10.99,0
2218,1_414,23.83,1
2219,0_2192,16.87,0
2220,0_1215,31.99,0
2221,0_1429,7.99,0
2222,0_2264,9.93,0
2223,1_42,46.37,1
2224,0_424,14.99,0
2225,0_933,8.99,0
2226,0_572,13.7,0
2227,0_286,3.75,0
2228,0_1492,26.65,0
2229,0_1408,1.01,0
2230,0_1391,7.99,0
2231,2_177,88.99,2
2232,0_696,1.67,0
2233,0_1607,3.99,0
2234,0_228,7.62,0
2235,1_169,19.99,1
2236,0_1868,5.27,0
2237,0_334,2.27,0
2238,0_101,12.99,0
2239,0_789,7.99,0
2240,0_643,0.99,0
2241,0_1147,6.99,0
2242,1_676,19.5,1
2243,0_1874,3.09,0
2244,0_554,29.22,0
2245,0_1847,8.99,0
2246,0_1288,9.55,0
2247,0_1150,24.4,0
2248,0_1268,6.29,0
2249,1_160,18.21,1
2250,1_27,14.99,1
2251,0_246,3.97,0
2252,1_320,27.46,1
2253,0_1997,3.99,0
2254,1_650,44.15,1
2255,1_232,12.22,1
2256,0_1884,5.38,0
2257,0_1426,13.44,0
2258,0_2129,5.99,0
2259,1_177,43.99,1
2260,0_543,7.99,0
2261,1_298,49.1,1
2262,0_1944,13.57,0
2263,1_210,28.65,1
2264,2_41,68.99,2
2265,0_1279,20.99,0
2266,1_569,46.99,1
2267,0_140,3.09,0
2268,1_528,33.53,1
2269,1_206,33.09,1
2270,0_737,20.99,0
2271,0_1282,5.67,0
2272,0_528,0.62,0
2273,0_915,18.99,0
2274,2_227,50.99,2
2275,0_1826,13.48,0
2276,0_1754,15.2,0
2277,0_1898,2.45,0
2278,1_631,14.99,1
2279,0_961,23.99,0
2280,2_114,85.89,2
2281,0_24,5.35,0
2282,0_1414,19.38,0
2283,0_1704,11.61,0
2284,0_1930,5.97,0
2285,1_242,16.31,1
2286,0_31,13.99,0
2287,0_108,13.93,0
2288,1_435,11.99,1
2289,0_1520,9.32,0
2290,1_444,12.61,1
2291,0_1585,4.99,0
2292,2_18,129.11,2
2293,1_497,49.99,1
2294,0_1995,27.99,0
2295,0_2109,12.99,0
2296,0_1034,14.38,0
2297,0_417,4.99,0
2298,1_162,19.58,1
2299,0_2051,22.99,0
2300,0_2114,6.06,0
2301,1_703,9.99,1
2302,0_1364,0.81,0
2303,1_156,32.67,1
2304,2_220,130.8,2
2305,1_505,16.99,1
2306,0_1490,10.4,0
2307,0_1541,11.99,0
2308,2_66,150.72,2
2309,1_584,9.73,1
2310,0_1732,24.95,0
2311,0_1208,5.65,0
2312,0_1634,5.8,0
2313,0_1479,15.99,0
2314,0_1300,20.91,0
2315,0_971,9.99,0
2316,0_2136,16.42,0
2317,0_1968,4.35,0
2318,1_193,40.99,1
2319,0_964,1.61,0
2320,1_668,33.17,1
2321,0_2075,8.99,0
2322,0_725,10.99,0
2323,1_43,23.99,1
2324,1_514,67.66,1
2325,0_1893,18.99,0
2326,0_580,4.13,0
2327,1_439,38.99,1
2328,0_133,5.99,0
2329,0_1588,24.39,0
2330,0_1666,8.78,0
2331,0_536,3.26,0
2332,0_913,14.99,0
2333,0_753,7.99,0
2334,0_1466,23.58,0
2335,0_1222,6.99,0
2336,0_582,11.86,0
2337,0_658,30.66,0
2338,1_405,7.99,1
2339,1_647,29.99,1
2340,0_1432,15.36,0
2341,0_1241,1.99,0
2342,0_402,4.95,0
2343,2_104,43.35,2
2344,0_165,13.99,0
2345,0_1254,5.22,0
2346,2_102,59.14,2
2347,0_941,14.99,0
2348,0_270,2.29,0
2349,0_503,18.99,0
2350,2_132,166.21,2
2351,0_509,5.99,0
2352,0_982,13.61,0
2353,0_717,8.99,0
2354,0_647,4.99,0
2355,0_202,0.62,0
2356,0_404,28.77,0
2357,0_2167,15.99,0
2358,1_641,9.99,1
2359,0_1561,5.99,0
2360,0_1460,4.59,0
2361,0_1447,4.99,0
2362,0_624,6.6,0
2363,2_65,99.99,2
2364,0_577,9.99,0
2365,0_1453,7.99,0
2366,1_58,2.95,1
2367,1_589,20.99,1
2368,0_1577,2.99,0
2369,0_1218,3.32,0
2370,0_819,3.99,0
2371,2_51,84.99,2
2372,0_692,3.74,0
2373,0_1063,5.99,0
2374,0_295,15.99,0
2375,0_2090,11.46,0
2376,0_1471,12.99,0
2377,0_1963,9.99,0
2378,1_119,31.99,1
2379,1_248,10.75,1
2380,0_919,18.99,0
2381,0_1501,11.99,0
2382,0_640,13.09,0
2383,1_191,16.99,1
2384,1_530,18.55,1
2385,1_527,19.99,1
2386,0_1606,17.4,0
2387,1_151,41.99,1
2388,1_268,8.37,1
2389,0_1814,20.45,0
2390,0_2042,6.59,0
2391,2_221,90.99,2
2392,0_1818,8.99,0
2393,0_401,26.99,0
2394,0_1790,15.11,0
2395,2_111,114.99,2
2396,0_1087,29.99,0
2397,0_704,16.92,0
2398,2_169,111.99,2
2399,0_47,4.99,0
2400,1_423,8.99,1
2401,0_1226,9.97,0
2402,0_857,6.99,0
2403,1_533,11.99,1
2404,2_39,57.99,2
2405,0_1654,14.13,0
2406,0_416,18.56,0
2407,0_1737,26.99,0
2408,0_1624,24.5,0
2409,0_2177,34.99,0
2410,0_625,16.99,0
2411,0_7,7.99,0
2412,0_1459,0.99,0
2413,0_1295,10.99,0
2414,0_786,7.53,0
2415,1_322,51.6,1
2416,0_1167,8.99,0
2417,0_1362,11.3,0
2418,0_1036,7.56,0
2419,0_1612,13.54,0
2420,2_63,124.99,2
2421,1_467,8.99,1
2422,1_233,43.99,1
2423,0_478,14.84,0
2424,1_621,17.99,1
2425,0_612,0.88,0
2426,1_112,6.62,1
2427,1_55,7.99,1
2428,0_1441,18.99,0
2429,2_24,96.88,2
2430,1_449,14.99,1
2431,1_376,17.49,1
2432,2_208,54.87,2
2433,0_922,12.95,0
2434,1_588,12.62,1
2435,0_2220,2.41,0
2436,0_706,3.41,0
2437,0_429,1.99,0
2438,0_241,8.99,0
2439,0_655,9.99,0
2440,0_40,8.03,0
2441,0_747,6.99,0
2442,1_655,5.99,1
2443,0_827,17.99,0
2444,2_207,50.99,2
2445,0_1776,21.16,0
2446,2_186,84.96,2
2447,0_1865,15.99,0
2448,1_176,58.54,1
2449,0_1784,19.84,0
2450,0_319,19.99,0
2451,0_1928,9.96,0
2452,0_468,17.89,0
2453,1_738,18.73,1
2454,0_1476,15.66,0
2455,0_1248,7.49,0
2456,0_1591,9.99,0
2457,0_1072,14.82,0
2458,0_525,2.99,0
2459,1_131,6.99,1
2460,0_659,21.99,0
2461,2_110,62.25,2
2462,1_80,28.66,1
2463,0_1478,2.09,0
2464,2_3,202.99,2
2465,0_1675,23.99,0
2466,0_1249,12.99,0
2467,0_759,22.99,0
2468,0_1633,24.99,0
2469,0_2183,8.99,0
2470,0_862,1.84,0
2471,0_814,3.25,0
2472,2_156,188.48,2
2473,0_824,4.45,0
2474,0_860,13.82,0
2475,0_35,13.99,0
2476,0_1285,4.99,0
2477,0_454,14.23,0
2478,0_230,5.63,0
2479,0_634,11.92,0
2480,0_1450,7.43,0
2481,0_768,3.53,0
2482,0_2241,10.99,0
2483,0_1464,8.27,0
2484,0_773,5.99,0
2485,0_2033,14.99,0
2486,0_1801,3.99,0
2487,2_166,230.04,2
2488,0_837,5.99,0
2489,0_1716,2.19,0
2490,1_149,5.99,1
2491,0_1709,5.99,0
2492,1_195,35.99,1
2493,0_1855,1.99,0
2494,1_75,23.99,1
2495,0_1758,12.64,0
2496,1_36,2.64,1
2497,1_59,8.99,1
2498,0_237,11.99,0
2499,0_2144,1.25,0
2500,1_381,15.99,1
2501,0_535,4.99,0
2502,0_1424,8.41,0
2503,0_597,4.99,0
2504,0_1066,9.44,0
2505,0_549,2.99,0
2506,1_529,17.99,1
2507,0_2261,6.99,0
2508,2_70,129.74,2
2509,0_1677,10.99,0
2510,0_15,12.99,0
2511,0_354,5.71,0
2512,1_180,5.55,1
2513,1_554,43.09,1
2514,0_2025,8.99,0
2515,0_1657,14.99,0
2516,0_1331,29.99,0
2517,0_2112,22.08,0
2518,2_116,46.31,2
2519,1_167,10.99,1
2520,0_616,2.35,0
2521,0_1008,4.73,0
2522,1_727,16.99,1
2523,0_12,13.48,0
2524,0_1263,22.99,0
2525,2_86,132.36,2
2526,0_2257,22.99,0
2527,0_184,23.16,0
2528,0_2070,2.41,0
2529,0_2253,22.99,0
2530,0_1233,21.99,0
2531,0_1734,15.33,0
2532,0_1653,0.99,0
2533,0_83,2.99,0
2534,0_1452,13.77,0
2535,0_1922,3.94,0
2536,0_1201,10.99,0
2537,0_2121,24.99,0
2538,0_2063,7.99,0
2539,0_309,3.99,0
2540,0_660,20.16,0
2541,0_225,16.99,0
2542,0_307,8.99,0
2543,0_601,9.99,0
2544,0_1599,16.99,0
2545,1_158,22.17,1
2546,0_217,1.99,0
2547,0_1964,8.19,0
2548,0_2012,3.69,0
2549,2_204,91.82,2
2550,0_874,11.85,0
2551,0_2165,15.99,0
2552,0_2240,3.67,0
2553,0_1410,14.85,0
2554,0_1650,20.18,0
2555,0_812,3.77,0
2556,0_1825,3.99,0
2557,0_1302,2.92,0
2558,2_57,130.99,2
2559,2_42,120.61,2
2560,0_1708,26.44,0
2561,2_44,70.92,2
2562,1_645,60.99,1
2563,0_592,8.71,0
2564,0_649,9.99,0
2565,0_1237,24.99,0
2566,1_574,33.2,1
2567,0_2176,13.05,0
2568,2_29,142.99,2
2569,0_477,2.99,0
2570,0_615,3.99,0
2571,0_879,9.99,0
2572,0_1420,11.53,0
2573,0_60,37.64,0
2574,0_750,23.74,0
2575,0_1630,12.48,0
2576,2_96,47.91,2
2577,0_339,3.99,0
2578,1_66,9.56,1
2579,0_1097,11.99,0
2580,0_1517,17.99,0
2581,1_336,23.56,1
2582,0_2195,26.99,0
2583,1_240,9.22,1
2584,0_1819,23.99,0
2585,0_2023,14.99,0
2586,0_458,6.75,0
2587,1_104,37.12,1
2588,1_412,16.65,1
2589,0_1767,12.99,0
2590,0_598,17.67,0
2591,0_730,11.52,0
2592,0_1926,10.99,0
2593,0_157,19.99,0
2594,0_1037,20.99,0
2595,1_352,19.57,1
2596,0_2113,12.99,0
2597,0_1511,0.99,0
2598,1_32,14.79,1
2599,0_2022,7.73,0
2600,1_509,9.99,1
2601,0_89,14.99,0
2602,0_428,7.01,0
2603,0_2009,3.99,0
2604,1_175,6.99,1
2605,1_305,29.99,1
2606,0_1296,5.83,0
2607,1_695,26.99,1
2608,0_1942,15.36,0
2609,1_26,36.01,1
2610,1_714,5.0,1
2611,1_710,27.94,1
2612,2_59,104.99,2
2613,0_186,2.0,0
2614,0_365,6.99,0
2615,0_25,2.99,0
2616,0_1597,33.99,0
2617,0_1449,4.99,0
2618,0_1935,0.99,0
2619,1_658,7.72,1
2620,0_392,26.17,0
2621,1_163,35.99,1
2622,0_1335,17.99,0
2623,0_1369,30.99,0
2624,0_2007,9.99,0
2625,1_429,49.99,1
2626,0_995,10.99,0
2627,0_364,15.5,0
2628,0_1663,5.99,0
2629,0_2193,23.99,0
2630,0_1686,17.64,0
2631,0_672,5.76,0
2632,0_37,1.99,0
2633,0_910,15.92,0
2634,0_1260,10.35,0
2635,0_1983,4.99,0
2636,0_923,3.99,0
2637,0_1143,9.99,0
2638,0_1863,10.99,0
2639,0_1572,8.61,0
2640,0_1831,6.99,0
2641,0_532,12.71,0
2642,0_1753,10.99,0
2643,1_427,32.99,1
2644,0_1049,12.99,0
2645,0_20,13.53,0
2646,0_848,1.73,0
2647,1_369,23.99,1
2648,0_1198,11.59,0
2649,0_175,15.99,0
2650,0_179,22.99,0
2651,0_45,2.99,0
2652,1_12,18.19,1
2653,0_729,28.99,0
2654,1_83,16.99,1
2655,1_15,16.99,1
2656,1_38,9.1,1
2657,1_525,36.99,1
2658,0_1383,12.99,0
2659,1_386,5.73,1
2660,0_1956,13.05,0
2661,0_251,6.99,0
2662,0_1991,23.99,0
2663,0_1581,37.99,0
2664,0_1901,10.99,0
2665,1_563,5.99,1
2666,1_16,63.92,1
2667,0_2269,6.99,0
2668,0_1495,22.99,0
2669,1_211,37.99,1
2670,0_2145,10.99,0
2671,2_135,68.99,2
2672,0_1683,2.99,0
2673,0_1337,21.99,0
2674,0_43,2.99,0
2675,0_1146,20.42,0
2676,0_1524,13.94,0
2677,0_1396,9.57,0
2678,0_2273,24.99,0
2679,0_1032,21.6,0
2680,2_200,115.75,2
2681,0_1535,1.99,0
2682,1_539,49.99,1
2683,0_1029,7.99,0
2684,0_937,10.99,0
2685,0_1481,3.99,0
2686,0_311,6.99,0
2687,0_671,8.99,0
2688,0_2178,9.22,0
2689,0_367,8.99,0
2690,0_299,22.99,0
2691,0_10,17.95,0
2692,0_1404,6.84,0
2693,1_730,22.65,1
2694,0_160,9.12,0
2695,0_2041,15.99,0
2696,1_580,21.09,1
2697,0_426,9.02,0
2698,2_97,160.99,2
2699,0_391,8.99,0
2700,1_436,11.76,1
2701,0_818,19.27,0
2702,0_185,11.99,0
2703,0_2266,7.7,0
2704,0_977,7.99,0
2705,0_1305,21.99,0
2706,0_1023,4.99,0
2707,1_63,16.99,1
2708,0_109,4.99,0
2709,1_297,56.99,1
2710,0_1817,20.99,0
2711,0_1026,9.65,0
2712,0_273,4.99,0
2713,1_501,41.99,1
2714,0_558,13.29,0
2715,1_567,11.99,1
2716,0_1498,2.48,0
2717,0_1165,2.99,0
2718,0_1156,12.79,0
2719,0_1961,3.99,0
2720,0_74,16.0,0
2721,1_452,40.8,1
2722,0_2027,21.99,0
2723,0_255,16.99,0
2724,0_839,9.99,0
2725,0_1992,14.42,0
2726,1_204,6.73,1
2727,1_680,6.2,1
2728,1_141,22.99,1
2729,0_437,4.99,0
2730,0_1276,23.17,0
2731,0_1381,5.99,0
2732,0_479,10.99,0
2733,2_194,138.53,2
2734,0_1579,3.99,0
2735,0_1283,0.99,0
2736,0_1994,4.98,0
2737,0_447,20.99,0
2738,0_1428,3.55,0
2739,0_1914,21.44,0
2740,0_1438,9.31,0
2741,0_865,1.99,0
2742,0_1425,12.99,0
2743,1_561,30.99,1
2744,1_123,2.99,1
2745,1_301,27.99,1
2746,0_1500,21.61,0
2747,0_1041,1.99,0
2748,0_1042,18.53,0
2749,1_517,5.99,1
2750,0_72,9.84,0
2751,0_1552,0.98,0
2752,0_788,10.97,0
2753,0_2255,13.99,0
2754,0_182,11.04,0
2755,0_1312,22.71,0
2756,0_1570,2.56,0
2757,0_1035,3.99,0
2758,0_949,10.99,0
2759,0_1846,3.51,0
2760,2_141,158.99,2
2761,1_28,13.03,1
2762,0_382,9.82,0
2763,0_1651,0.99,0
2764,1_402,34.52,1
2765,0_68,2.94,0
2766,0_338,6.98,0
2767,0_1604,17.51,0
2768,0_254,9.55,0
2769,2_117,105.99,2
2770,0_666,8.54,0
2771,0_809,16.99,0
2772,0_902,0.92,0
2773,0_2111,12.99,0
2774,0_1349,15.99,0
2775,0_2296,16.95,0
2776,0_928,18.27,0
2777,1_78,3.94,1
2778,1_349,32.99,1
2779,2_30,233.54,2
2780,0_434,16.97,0
2781,0_966,23.95,0
2782,0_605,24.99,0
2783,0_2200,20.47,0
2784,1_628,41.37,1
2785,0_438,14.01,0
2786,0_1861,10.99,0
2787,0_610,12.46,0
2788,1_348,16.15,1
2789,1_486,7.77,1
2790,0_1770,20.7,0
2791,0_2089,12.99,0
2792,0_2002,19.16,0
2793,0_981,19.99,0
2794,1_673,12.99,1
2795,1_29,11.99,1
2796,0_1584,11.85,0
2797,0_846,5.03,0
2798,0_892,3.42,0
2799,1_596,11.12,1
2800,2_122,70.0,2
2801,0_1621,17.99,0
2802,0_1598,10.98,0
2803,1_20,36.6,1
2804,0_1499,11.99,0
2805,0_864,4.68,0
2806,0_1153,5.99,0
2807,1_223,16.99,1
2808,2_198,138.32,2
2809,0_2147,39.99,0
2810,1_88,53.42,1
2811,1_359,5.99,1
2812,0_1253,12.99,0
2813,0_1601,1.99,0
2814,0_667,12.99,0
2815,0_2243,8.99,0
2816,0_1909,2.99,0
2817,0_1614,4.03,0
2818,1_103,20.99,1
2819,1_669,15.99,1
2820,1_30,20.85,1
2821,1_437,26.99,1
2822,0_1682,4.22,0
2823,0_1386,13.16,0
2824,1_157,26.99,1
2825,0_1715,2.99,0
2826,0_2187,7.99,0
2827,1_171,73.99,1
2828,0_1291,16.99,0
2829,1_5,9.99,1
2830,0_443,3.99,0
2831,0_1152,10.7,0
2832,0_1284,1.38,0
2833,2_55,108.99,2
2834,1_431,27.99,1
2835,1_606,28.0,1
2836,0_1477,1.99,0
2837,0_1418,8.57,0
2838,0_843,7.99,0
2839,0_631,15.99,0
2840,0_1697,13.99,0
2841,0_1843,5.99,0
2842,0_52,19.59,0
2843,1_22,29.33,1
2844,0_1877,9.99,0
2845,1_296,24.67,1
2846,1_687,7.99,1
2847,1_581,20.99,1
2848,0_1122,20.02,0
2849,0_1791,11.99,0
2850,1_583,16.99,1
2851,2_49,72.99,2
2852,0_1301,5.99,0
2853,1_332,2.24,1
2854,0_332,4.08,0
2855,0_1779,17.99,0
2856,0_375,8.99,0
2857,0_75,4.99,0
2858,0_48,19.25,0
2859,1_145,24.99,1
2860,0_1823,3.99,0
2861,1_488,12.19,1
2862,0_199,8.99,0
2863,0_2125,1.99,0
2864,0_1103,12.99,0
2865,0_1235,1.99,0
2866,0_1575,4.99,0
2867,0_2000,4.84,0
2868,0_385,9.99,0
2869,0_719,4.99,0
2870,0_1769,6.99,0
2871,0_1625,5.99,0
2872,0_744,8.73,0
2873,2_17,103.99,2
2874,2_6,101.51,2
2875,0_1092,22.02,0
2876,0_1927,16.99,0
2877,0_1513,8.99,0
2878,0_1275,3.99,0
2879,1_699,7.99,1
2880,0_611,12.99,0
2881,0_767,14.99,0
2882,0_265,16.99,0
2883,0_2116,13.14,0
2884,0_483,23.99,0
2885,0_1750,7.42,0
2886,0_1981,5.99,0
2887,1_498,23.37,1
2888,0_560,4.53,0
2889,0_1191,0.99,0
2890,0_2301,4.99,0
2891,0_1919,6.99,0
2892,1_599,12.99,1
2893,1_526,8.77,1
2894,0_2132,4.07,0
2895,1_424,4.91,1
2896,1_111,42.99,1
2897,2_50,150.69,2
2898,0_1033,7.99,0
2899,0_921,4.99,0
2900,1_364,10.3,1
2901,0_257,15.99,0
2902,1_404,9.85,1
2903,0_313,6.99,0
2904,0_795,8.99,0
2905,2_129,127.99,2
2906,1_672,39.36,1
2907,0_1829,4.99,0
2908,2_115,50.99,2
2909,0_1289,12.99,0
2910,1_135,7.99,1
2911,0_1610,21.05,0
2912,0_1838,6.75,0
2913,0_70,9.57,0
2914,0_1220,12.98,0
2915,2_138,84.02,2
2916,0_472,30.91,0
2917,1_566,16.95,1
2918,0_150,18.77,0
2919,1_657,53.99,1
2920,1_198,5.84,1
2921,0_2174,4.0,0
2922,0_1699,17.99,0
2923,1_37,31.99,1
2924,0_734,11.16,0
2925,1_701,26.99,1
2926,0_576,15.98,0
2927,0_303,8.99,0
2928,0_1130,12.89,0
2929,0_323,4.99,0
2930,0_2072,4.62,0
2931,0_69,25.99,0
2932,1_443,59.99,1
2933,1_357,5.99,1
2934,0_518,12.1,0
2935,0_232,1.23,0
2936,0_2093,9.99,0
2937,0_2085,11.99,0
2938,0_116,12.71,0
2939,2_161,113.99,2
2940,1_209,8.99,1
2941,1_484,8.28,1
2942,1_472,9.18,1
2943,0_645,2.99,0
2944,1_319,43.99,1
2945,2_80,120.68,2
2946,1_54,18.88,1
2947,1_375,3.99,1
2948,2_184,49.61,2
2949,0_1125,12.99,0
2950,1_278,19.18,1
2951,0_114,19.15,0
2952,2_170,115.93,2
2953,0_732,8.02,0
2954,1_45,26.99,1
2955,1_736,10.29,1
2956,1_734,24.28,1
2957,0_5,22.99,0
2958,0_2055,20.99,0
2959,0_2135,4.99,0
2960,0_2100,6.66,0
2961,2_105,125.99,2
2962,1_608,72.75,1
2963,0_1830,19.43,0
2964,0_275,18.99,0
2965,0_661,17.99,0
2966,1_620,47.3,1
2967,0_73,2.99,0
2968,0_142,19.85,0
2969,0_441,6.99,0
2970,0_2018,4.69,0
2971,0_1674,22.63,0
2972,0_755,3.99,0
2973,0_1045,5.99,0
2974,2_28,103.5,2
2975,1_274,24.4,1
2976,1_534,13.43,1
2977,2_77,145.99,2
2978,0_394,2.14,0
2979,1_465,8.99,1
2980,0_2203,3.99,0
2981,0_1556,18.91,0
2982,0_1748,16.8,0
2983,1_637,32.99,1
2984,0_448,2.64,0
2985,0_1527,7.99,0
2986,0_712,23.37,0
2987,0_1224,14.56,0
2988,0_1553,13.99,0
2989,2_143,78.99,2
2990,1_550,15.54,1
2991,2_22,109.38,2
2992,0_574,14.34,0
2993,2_235,195.99,2
2994,0_1413,2.99,0
2995,1_732,3.28,1
2996,0_1245,5.99,0
2997,2_181,57.99,2
2998,1_570,18.49,1
2999,1_271,16.99,1
3000,1_590,31.82,1
3001,0_541,1.99,0
3002,0_107,11.99,0
3003,0_203,5.99,0
3004,0_591,1.99,0
3005,1_355,35.99,1
3006,2_68,88.29,2
3007,0_1442,4.89,0
3008,0_227,15.99,0
3009,0_1357,15.99,0
3010,1_578,37.44,1
3011,0_63,6.99,0
3012,0_1760,9.09,0
3013,0_1714,16.74,0
3014,0_1038,9.74,0
3015,0_1587,14.99,0
3016,1_692,13.04,1
3017,0_2095,12.99,0
3018,2_210,132.52,2
3019,0_1554,1.98,0
3020,1_544,29.54,1
3021,0_623,3.99,0
3022,0_654,10.57,0
3023,0_1359,25.99,0
3024,1_306,34.18,1
3025,1_367,13.99,1
3026,0_2294,20.58,0
3027,0_1355,18.99,0
3028,0_159,12.99,0
3029,0_2286,6.1,0
3030,0_1850,13.95,0
3031,0_510,23.66,0
3032,0_886,21.82,0
3033,0_2015,2.99,0
3034,0_2010,29.6,0
3035,0_2279,9.99,0
3036,1_392,18.11,1
3037,0_1099,10.99,0
3038,0_2214,2.08,0
3039,0_893,10.99,0
3040,0_709,6.99,0
3041,0_240,6.03,0
3042,0_540,8.65,0
3043,1_262,26.25,1
3044,2_217,102.99,2
3045,1_720,10.86,1
3046,2_58,96.69,2
3047,1_214,44.7,1
3048,0_1711,2.99,0
3049,0_2191,6.99,0
3050,0_2303,11.99,0
3051,1_462,16.66,1
3052,0_99,6.99,0
3053,1_208,14.99,1
3054,0_1892,12.56,0
3055,0_622,19.96,0
3056,0_2142,2.65,0
3057,0_259,1.99,0
3058,0_1375,7.99,0
3059,0_1931,4.99,0
3060,0_320,15.09,0
3061,0_856,10.16,0
3062,1_682,6.49,1
3063,0_183,2.99,0
3064,0_1745,4.99,0
3065,0_962,5.27,0
3066,1_291,9.99,1
3067,0_557,9.99,0
3068,1_382,61.52,1
3069,1_522,22.41,1
3070,1_327,38.99,1
3071,0_22,23.2,0
3072,0_761,4.99,0
3073,0_1592,25.23,0
3074,1_377,38.99,1
3075,2_162,102.82,2
3076,0_1502,8.13,0
3077,0_474,1.54,0
3078,1_67,54.99,1
3079,0_1879,3.99,0
3080,0_1736,3.83,0
3081,1_121,49.99,1
3082,1_358,17.24,1
3083,0_1973,3.99,0
3084,0_484,3.47,0
3085,0_1547,8.99,0
3086,0_1346,21.62,0
3087,0_1860,4.89,0
3088,2_98,149.74,2
3089,1_155,49.99,1
3090,0_71,16.99,0
3091,0_1133,19.99,0
3092,1_200,54.73,1
3093,1_373,31.99,1
3094,0_2005,7.99,0
3095,2_67,32.99,2
3096,0_2308,20.28,0
3097,1_215,33.99,1
3098,0_2207,7.99,0
3099,2_33,30.99,2
3100,0_1946,5.07,0
3101,1_345,32.99,1
3102,0_2099,7.99,0
3103,0_4,25.33,0
3104,0_1519,5.99,0
3105,0_646,29.42,0
3106,0_925,16.99,0
3107,0_723,5.99,0
3108,0_480,24.61,0
3109,0_1171,0.99,0
3110,0_2102,7.06,0
3111,1_572,19.95,1
3112,0_1742,10.12,0
3113,0_1752,5.99,0
3114,0_1558,11.19,0
3115,0_534,2.84,0
3116,0_469,4.99,0
3117,1_459,15.99,1
3118,1_552,56.07,1
3119,0_670,12.59,0
3120,0_1390,19.37,0
3121,0_782,11.84,0
3122,1_105,10.99,1
3123,0_1482,8.32,0
3124,0_158,16.54,0
3125,0_449,17.99,0
3126,0_1723,8.99,0
3127,2_163,68.99,2
3128,1_388,16.7,1
3129,1_14,13.28,1
3130,0_1395,3.99,0
3131,0_281,21.99,0
3132,0_738,4.08,0
3133,0_119,2.99,0
3134,1_597,29.99,1
3135,0_792,8.1,0
3136,0_567,5.99,0
3137,0_565,1.99,0
3138,0_699,18.99,0
3139,0_1445,9.99,0
3140,2_196,103.92,2
3141,1_535,13.99,1
3142,1_602,39.07,1
3143,0_2034,9.64,0
3144,0_473,7.99,0
3145,0_1673,6.99,0
3146,1_330,6.41,1
3147,1_494,49.16,1
3148,0_379,9.99,0
3149,0_2040,20.65,0
3150,0_282,1.57,0
3151,2_130,142.58,2
3152,0_1781,5.99,0
3153,0_1569,15.99,0
3154,0_1185,5.99,0
3155,2_88,77.63,2
3156,0_1986,25.89,0
3157,1_70,36.09,1
3158,0_1534,4.62,0
3159,0_80,5.55,0
3160,0_1957,17.99,0
3161,0_1308,16.56,0
3162,1_713,33.99,1
3163,2_11,201.99,2
3164,0_32,2.14,0
3165,0_279,16.99,0
3166,0_357,4.99,0
3167,0_455,12.99,0
3168,0_1096,10.99,0
3169,1_626,47.35,1
3170,0_346,6.1,0
3171,0_1139,3.99,0
3172,1_33,30.99,1
3173,0_238,1.67,0
3174,0_1967,12.99,0
3175,0_1586,12.71,0
3176,0_1856,9.57,0
3177,0_1929,6.99,0
3178,0_665,6.99,0
3179,0_805,10.99,0
3180,0_1970,27.42,0
3181,0_681,5.99,0
3182,0_164,15.57,0
3183,1_576,17.2,1
3184,2_142,105.24,2
3185,0_758,4.0,0
3186,0_1755,8.99,0
3187,1_106,7.21,1
3188,2_99,84.99,2
3189,1_182,7.71,1
3190,0_553,13.99,0
3191,0_1294,3.28,0
3192,0_315,7.99,0
3193,0_288,19.04,0
3194,0_1867,23.99,0
3195,1_389,24.99,1
3196,2_238,93.92,2
3197,0_1326,14.74,0
3198,1_531,6.99,1
3199,1_110,54.9,1
3200,0_53,3.99,0
3201,0_1718,9.67,0
3202,0_1820,22.3,0
3203,0_1773,10.99,0
3204,0_662,7.54,0
3205,0_297,14.99,0
3206,0_756,2.41,0
3207,0_1018,11.06,0
3208,0_1350,14.45,0
3209,0_1749,34.99,0
3210,1_428,39.23,1
3211,0_2248,19.58,0
3212,0_2049,5.99,0
3213,0_957,2.99,0
3214,1_466,15.81,1
3215,1_659,8.99,1
3216,0_1352,4.5,0
3217,0_216,23.19,0
3218,1_269,47.99,1
3219,0_1690,13.18,0
3220,0_720,6.8,0
3221,0_8,15.08,0
3222,0_650,18.7,0
3223,0_1835,8.99,0
3224,1_276,56.97,1
3225,0_1952,3.95,0
3226,0_522,2.54,0
3227,0_233,10.99,0
3228,0_1761,7.99,0
3229,0_415,10.99,0
3230,1_95,21.99,1
3231,1_101,9.99,1
3232,0_2209,8.99,0
3233,0_1487,4.99,0
3234,0_2088,30.0,0
3235,0_266,18.96,0
3236,1_383,28.99,1
3237,0_894,3.03,0
3238,0_2065,7.99,0
3239,0_538,4.91,0
3240,0_871,16.99,0
3241,1_413,17.99,1
3242,1_518,6.52,1
3243,1_238,2.0,1
3244,1_475,20.99,1
3245,0_58,9.49,0
3246,0_51,4.99,0
3247,0_908,15.15,0
3248,0_442,4.4,0
3249,0_1454,7.41,0
3250,0_460,1.25,0
3251,0_171,18.99,0
3252,0_1095,6.99,0
3253,0_685,12.99,0
3254,0_673,5.99,0
3255,0_1297,18.99,0
3256,0_1324,3.93,0
3257,1_236,14.04,1
3258,1_51,45.99,1
3259,0_325,15.99,0
3260,0_1116,2.97,0
3261,0_2232,8.94,0
3262,0_2081,24.99,0
3263,0_903,3.99,0
3264,0_1061,19.99,0
3265,0_1463,21.99,0
3266,0_940,21.22,0
3267,2_101,63.99,2
3268,0_34,6.91,0
3269,1_543,51.99,1
3270,1_651,18.99,1
3271,2_123,147.99,2
3272,1_272,4.55,1
3273,0_1644,4.77,0
3274,0_1439,22.99,0
3275,0_1937,11.99,0
3276,0_1989,3.99,0
3277,0_2001,7.99,0
3278,1_387,9.99,1
3279,1_331,55.99,1
3280,0_1314,20.63,0
3281,0_607,14.99,0
3282,2_23,115.99,2
3283,0_146,17.14,0
3284,0_802,11.22,0
3285,1_140,38.56,1
3286,0_1920,25.16,0
